date,machine_id,avg_failure_risk,runtime_hours,production_cycles,performance_trend
2026-06-01,M001,0.151,19,440,stable
2026-06-02,M002,0.228,18,724,stable
2026-06-03,M003,0.171,17,1534,stable
2026-06-04,M004,0.182,16,1120,stable
2026-06-05,M001,0.148,16,1654,stable
2026-06-06,M002,0.199,13,1580,stable
2026-06-07,M003,0.219,8,1684,stable
2026-06-08,M004,0.219,16,1269,stable
2026-06-09,M001,0.256,13,1384,stable
2026-06-10,M002,0.184,15,1728,stable
2026-06-11,M003,0.173,16,1026,stable
2026-06-12,M004,0.213,7,1356,stable
2026-06-13,M001,0.23,9,1508,stable
2026-06-14,M002,0.228,23,927,stable
2026-06-15,M003,0.207,14,1429,stable
2026-06-16,M004,0.185,23,1473,stable
2026-06-17,M001,0.3,19,1584,stable
2026-06-18,M002,0.226,14,1399,stable
2026-06-19,M003,0.197,9,1181,stable
2026-06-20,M004,0.27,10,646,stable
2026-06-21,M001,0.278,16,1158,stable
2026-06-22,M002,0.244,8,1715,stable
2026-06-23,M003,0.181,17,588,stable
2026-06-24,M004,0.257,9,1097,stable
2026-06-25,M001,0.309,15,964,stable
2026-06-26,M002,0.261,22,1650,stable
2026-06-27,M003,0.248,19,965,stable
2026-06-28,M004,0.373,19,1681,stable
2026-06-29,M001,0.288,18,1336,stable
2026-06-30,M002,0.297,10,1691,stable
2026-07-01,M003,0.332,21,1441,stable
2026-07-02,M004,0.306,8,481,stable
2026-07-03,M001,0.36,6,1522,stable
2026-07-04,M002,0.327,19,511,stable
2026-07-05,M003,0.266,22,750,stable
2026-07-06,M004,0.343,11,1760,stable
2026-07-07,M001,0.247,20,1015,stable
2026-07-08,M002,0.289,13,1055,stable
2026-07-09,M003,0.369,6,991,stable
2026-07-10,M004,0.312,21,1261,stable
2026-07-11,M001,0.217,15,1260,stable
2026-07-12,M002,0.308,9,1767,stable
2026-07-13,M003,0.245,9,1557,stable
2026-07-14,M004,0.304,17,1791,stable
2026-07-15,M001,0.331,22,532,stable
2026-07-16,M002,0.261,23,591,degrading
2026-07-17,M003,0.345,8,826,degrading
2026-07-18,M004,0.356,14,1468,degrading
2026-07-19,M001,0.272,11,495,degrading
2026-07-20,M002,0.35,18,947,degrading
2026-07-21,M003,0.288,21,713,degrading
2026-07-22,M004,0.334,13,1410,degrading
2026-07-23,M001,0.302,18,861,degrading
2026-07-24,M002,0.365,7,1538,degrading
2026-07-25,M003,0.327,6,1733,degrading
2026-07-26,M004,0.319,8,1767,degrading
2026-07-27,M001,0.329,14,1105,degrading
2026-07-28,M002,0.348,12,620,degrading
2026-07-29,M003,0.237,21,1326,degrading
2026-07-30,M004,0.344,15,1166,degrading
2026-07-31,M001,0.344,7,414,degrading
2026-08-01,M002,0.35,20,1428,degrading
2026-08-02,M003,0.376,17,1466,degrading
2026-08-03,M004,0.419,10,614,degrading
2026-08-04,M001,0.42,23,904,degrading
2026-08-05,M002,0.352,19,1131,degrading
2026-08-06,M003,0.379,20,1726,degrading
2026-08-07,M004,0.389,23,1778,degrading
2026-08-08,M001,0.357,19,1634,degrading
2026-08-09,M002,0.327,20,1561,degrading
2026-08-10,M003,0.366,10,1393,degrading
2026-08-11,M004,0.408,7,1438,degrading
2026-08-12,M001,0.368,20,513,degrading
2026-08-13,M002,0.387,14,1500,degrading
2026-08-14,M003,0.455,20,620,degrading
2026-08-15,M004,0.401,6,903,degrading
2026-08-16,M001,0.378,19,1618,degrading
2026-08-17,M002,0.382,7,1770,degrading
2026-08-18,M003,0.453,11,532,degrading
2026-08-19,M004,0.439,15,1747,degrading
2026-08-20,M001,0.414,16,1523,degrading
2026-08-21,M002,0.401,10,1467,degrading
2026-08-22,M003,0.442,14,1339,degrading
2026-08-23,M004,0.406,8,543,degrading
2026-08-24,M001,0.38,10,1322,degrading
2026-08-25,M002,0.413,19,558,degrading
2026-08-26,M003,0.387,15,1007,degrading
2026-08-27,M004,0.432,9,925,degrading
2026-08-28,M001,0.478,8,855,degrading
2026-08-29,M002,0.449,20,762,degrading
