log_id,date,machine_id,maintenance_type,component,technician_note,action_status,equipment_model,synthetic,symptom,action,outcome
ML-0001,2026-06-10,M001,Inspection,Tool,No abnormality found,Closed,SYN-MILL-01,True,Routine tool condition review,Inspected tooling,No abnormality observed
ML-0002,2026-06-17,M002,Tool replacement,Tool,Tool replaced after wear threshold,Closed,SYN-MILL-01,True,Tool wear and surface quality drop,Replaced worn tooling,Surface quality improved in simulated follow-up
ML-0003,2026-06-24,M003,Lubrication,Spindle,Lubricant level restored,Closed,SYN-MILL-01,True,Lubrication level low,Restored lubricant level,Lubricant level restored; cause not established
ML-0004,2026-07-01,M004,Bearing inspection,Bearing,Minor vibration noted; monitor next run,Follow-up,SYN-MILL-01,True,Minor bearing vibration,Checked bearing and requested follow-up,Vibration unresolved; follow-up required
ML-0005,2026-07-08,M001,Inspection,Tool,No abnormality found,Closed,SYN-MILL-01,True,Routine tool condition review,Inspected tooling,No abnormality observed
ML-0006,2026-07-15,M002,Tool replacement,Tool,Tool replaced after wear threshold,Closed,SYN-MILL-01,True,Tool wear and surface quality drop,Replaced worn tooling,Surface quality improved in simulated follow-up
ML-0007,2026-07-22,M003,Lubrication,Spindle,Lubricant level restored,Closed,SYN-MILL-01,True,Lubrication level low,Restored lubricant level,Lubricant level restored; cause not established
ML-0008,2026-07-29,M004,Bearing inspection,Bearing,Minor vibration noted; monitor next run,Follow-up,SYN-MILL-01,True,Minor bearing vibration,Checked bearing and requested follow-up,Vibration unresolved; follow-up required
ML-0009,2026-08-05,M001,Inspection,Tool,No abnormality found,Closed,SYN-MILL-01,True,Routine tool condition review,Inspected tooling,No abnormality observed
ML-0010,2026-08-12,M002,Tool replacement,Tool,Tool replaced after wear threshold,Closed,SYN-MILL-01,True,Tool wear and surface quality drop,Replaced worn tooling,Surface quality improved in simulated follow-up
ML-0011,2026-08-19,M003,Lubrication,Spindle,Lubricant level restored,Closed,SYN-MILL-01,True,Lubrication level low,Restored lubricant level,Lubricant level restored; cause not established
ML-0012,2026-08-26,M004,Bearing inspection,Bearing,Minor vibration noted; monitor next run,Follow-up,SYN-MILL-01,True,Minor bearing vibration,Checked bearing and requested follow-up,Vibration unresolved; follow-up required
