timestamp,machine_id,UDI,Product ID,Type,Air temperature [K],Process temperature [K],Rotational speed [rpm],Torque [Nm],Tool wear [min],failure,TWF,HDF,PWF,OSF,RNF
2026-09-15 08:00:00,M001,1,M14860,M,298.1,308.6,1551,42.8,0,0,0,0,0,0,0
2026-09-15 08:01:00,M002,2,L47181,L,298.2,308.7,1408,46.3,3,0,0,0,0,0,0
2026-09-15 08:02:00,M003,3,L47182,L,298.1,308.5,1498,49.4,5,0,0,0,0,0,0
2026-09-15 08:03:00,M004,4,L47183,L,298.2,308.6,1433,39.5,7,0,0,0,0,0,0
2026-09-15 08:04:00,M001,5,L47184,L,298.2,308.7,1408,40.0,9,0,0,0,0,0,0
2026-09-15 08:05:00,M002,6,M14865,M,298.1,308.6,1425,41.9,11,0,0,0,0,0,0
2026-09-15 08:06:00,M003,7,L47186,L,298.1,308.6,1558,42.4,14,0,0,0,0,0,0
2026-09-15 08:07:00,M004,8,L47187,L,298.1,308.6,1527,40.2,16,0,0,0,0,0,0
2026-09-15 08:08:00,M001,9,M14868,M,298.3,308.7,1667,28.6,18,0,0,0,0,0,0
2026-09-15 08:09:00,M002,10,M14869,M,298.5,309.0,1741,28.0,21,0,0,0,0,0,0
2026-09-15 08:10:00,M003,11,H29424,H,298.4,308.9,1782,23.9,24,0,0,0,0,0,0
2026-09-15 08:11:00,M004,12,H29425,H,298.6,309.1,1423,44.3,29,0,0,0,0,0,0
2026-09-15 08:12:00,M001,13,M14872,M,298.6,309.1,1339,51.1,34,0,0,0,0,0,0
2026-09-15 08:13:00,M002,14,M14873,M,298.6,309.2,1742,30.0,37,0,0,0,0,0,0
2026-09-15 08:14:00,M003,15,L47194,L,298.6,309.2,2035,19.6,40,0,0,0,0,0,0
2026-09-15 08:15:00,M004,16,L47195,L,298.6,309.2,1542,48.4,42,0,0,0,0,0,0
2026-09-15 08:16:00,M001,17,M14876,M,298.6,309.2,1311,46.6,44,0,0,0,0,0,0
2026-09-15 08:17:00,M002,18,M14877,M,298.7,309.2,1410,45.6,47,0,0,0,0,0,0
2026-09-15 08:18:00,M003,19,H29432,H,298.8,309.2,1306,54.5,50,0,0,0,0,0,0
2026-09-15 08:19:00,M004,20,M14879,M,298.9,309.3,1632,32.5,55,0,0,0,0,0,0
2026-09-15 08:20:00,M001,21,H29434,H,298.9,309.3,1375,42.7,58,0,0,0,0,0,0
2026-09-15 08:21:00,M002,22,L47201,L,298.8,309.3,1450,44.8,63,0,0,0,0,0,0
2026-09-15 08:22:00,M003,23,M14882,M,298.9,309.3,1581,30.7,65,0,0,0,0,0,0
2026-09-15 08:23:00,M004,24,L47203,L,299.0,309.4,1758,25.7,68,0,0,0,0,0,0
2026-09-15 08:24:00,M001,25,M14884,M,299.0,309.4,1561,37.3,70,0,0,0,0,0,0
2026-09-15 08:25:00,M002,26,L47205,L,299.0,309.5,1861,23.3,73,0,0,0,0,0,0
2026-09-15 08:26:00,M003,27,L47206,L,299.1,309.5,1512,39.0,75,0,0,0,0,0,0
2026-09-15 08:27:00,M004,28,H29441,H,299.1,309.4,1811,24.6,77,0,0,0,0,0,0
2026-09-15 08:28:00,M001,29,L47208,L,299.1,309.4,1439,44.2,82,0,0,0,0,0,0
2026-09-15 08:29:00,M002,30,L47209,L,299.0,309.4,1693,30.1,84,0,0,0,0,0,0
2026-09-15 08:30:00,M003,31,M14890,M,299.1,309.5,1339,48.2,86,0,0,0,0,0,0
2026-09-15 08:31:00,M004,32,L47211,L,299.0,309.4,1798,25.5,89,0,0,0,0,0,0
2026-09-15 08:32:00,M001,33,L47212,L,299.0,309.4,1419,48.3,91,0,0,0,0,0,0
2026-09-15 08:33:00,M002,34,L47213,L,298.9,309.3,1665,32.5,93,0,0,0,0,0,0
2026-09-15 08:34:00,M003,35,M14894,M,298.8,309.1,1559,34.7,95,0,0,0,0,0,0
2026-09-15 08:35:00,M004,36,M14895,M,298.8,309.2,1452,48.6,98,0,0,0,0,0,0
2026-09-15 08:36:00,M001,37,M14896,M,298.9,309.2,1581,36.7,101,0,0,0,0,0,0
2026-09-15 08:37:00,M002,38,L47217,L,298.8,309.1,1439,39.2,104,0,0,0,0,0,0
2026-09-15 08:38:00,M003,39,H29452,H,298.9,309.2,1379,50.7,106,0,0,0,0,0,0
2026-09-15 08:39:00,M004,40,L47219,L,298.8,309.1,1350,52.5,111,0,0,0,0,0,0
2026-09-15 08:40:00,M001,41,L47220,L,298.8,309.1,1362,45.4,113,0,0,0,0,0,0
2026-09-15 08:41:00,M002,42,L47221,L,298.8,309.1,1368,50.8,115,0,0,0,0,0,0
2026-09-15 08:42:00,M003,43,M14902,M,298.8,309.1,1368,49.1,117,0,0,0,0,0,0
2026-09-15 08:43:00,M004,44,H29457,H,298.8,309.2,1372,48.5,120,0,0,0,0,0,0
2026-09-15 08:44:00,M001,45,M14904,M,298.8,309.1,1472,47.5,125,0,0,0,0,0,0
2026-09-15 08:45:00,M002,46,L47225,L,298.8,309.1,1489,49.1,128,0,0,0,0,0,0
2026-09-15 08:46:00,M003,47,M14906,M,298.7,309.0,1843,25.8,130,0,0,0,0,0,0
2026-09-15 08:47:00,M004,48,L47227,L,298.8,309.1,1418,46.3,133,0,0,0,0,0,0
2026-09-15 08:48:00,M001,49,H29462,H,298.8,309.2,1425,53.9,135,0,0,0,0,0,0
2026-09-15 08:49:00,M002,50,M14909,M,298.9,309.2,1412,44.1,140,0,0,0,0,0,0
2026-09-15 08:50:00,M003,51,L47230,L,298.9,309.1,2861,4.6,143,1,0,0,1,0,0
2026-09-15 08:51:00,M004,52,L47231,L,298.9,309.1,1383,54.9,145,0,0,0,0,0,0
2026-09-15 08:52:00,M001,53,H29466,H,298.8,309.0,1497,43.8,147,0,0,0,0,0,0
2026-09-15 08:53:00,M002,54,L47233,L,298.7,309.0,1565,35.1,152,0,0,0,0,0,0
2026-09-15 08:54:00,M003,55,L47234,L,298.7,309.0,1691,30.1,154,0,0,0,0,0,0
2026-09-15 08:55:00,M004,56,L47235,L,298.8,309.1,1512,40.7,156,0,0,0,0,0,0
2026-09-15 08:56:00,M001,57,L47236,L,298.8,309.1,1477,42.4,158,0,0,0,0,0,0
2026-09-15 08:57:00,M002,58,L47237,L,298.8,309.1,1513,40.3,160,0,0,0,0,0,0
2026-09-15 08:58:00,M003,59,M14918,M,298.8,309.0,1661,29.5,162,0,0,0,0,0,0
2026-09-15 08:59:00,M004,60,L47239,L,298.8,309.1,1378,54.4,165,0,0,0,0,0,0
2026-09-15 09:00:00,M001,61,L47240,L,298.8,309.1,1393,52.6,167,0,0,0,0,0,0
2026-09-15 09:01:00,M002,62,M14921,M,298.8,309.0,1592,38.2,169,0,0,0,0,0,0
2026-09-15 09:02:00,M003,63,L47242,L,298.8,309.0,1829,22.9,172,0,0,0,0,0,0
2026-09-15 09:03:00,M004,64,M14923,M,298.9,309.0,1812,25.9,174,0,0,0,0,0,0
2026-09-15 09:04:00,M001,65,L47244,L,299.0,309.1,1523,38.6,177,0,0,0,0,0,0
2026-09-15 09:05:00,M002,66,L47245,L,299.0,309.1,1394,45.1,179,0,0,0,0,0,0
2026-09-15 09:06:00,M003,67,M14926,M,298.9,308.9,1679,28.7,181,0,0,0,0,0,0
2026-09-15 09:07:00,M004,68,H29481,H,298.8,308.9,1466,44.1,184,0,0,0,0,0,0
2026-09-15 09:08:00,M001,69,L47248,L,298.8,308.9,1527,32.4,189,0,0,0,0,0,0
2026-09-15 09:09:00,M002,70,L47249,L,298.9,309.0,1410,65.7,191,1,0,0,1,1,0
2026-09-15 09:10:00,M003,71,M14930,M,298.9,309.0,1924,22.6,193,0,0,0,0,0,0
2026-09-15 09:11:00,M004,72,L47251,L,298.9,309.1,1452,45.5,196,0,0,0,0,0,0
2026-09-15 09:12:00,M001,73,L47252,L,298.9,309.1,1369,44.4,198,0,0,0,0,0,0
2026-09-15 09:13:00,M002,74,L47253,L,299.0,309.1,1592,35.0,200,0,0,0,0,0,0
2026-09-15 09:14:00,M003,75,L47254,L,298.9,309.0,1601,32.3,202,0,0,0,0,0,0
2026-09-15 09:15:00,M004,76,L47255,L,298.8,308.9,1379,46.7,204,0,0,0,0,0,0
2026-09-15 09:16:00,M001,77,L47256,L,298.8,308.9,1461,47.9,206,0,0,0,0,0,0
2026-09-15 09:17:00,M002,78,L47257,L,298.8,308.9,1455,41.3,208,1,1,0,0,0,0
2026-09-15 09:18:00,M003,79,L47258,L,298.8,308.9,1398,51.5,0,0,0,0,0,0,0
2026-09-15 09:19:00,M004,80,L47259,L,298.8,308.9,1402,37.9,2,0,0,0,0,0,0
2026-09-15 09:20:00,M001,81,H29494,H,298.8,308.8,1445,49.9,4,0,0,0,0,0,0
2026-09-15 09:21:00,M002,82,L47261,L,298.9,308.9,1450,47.5,9,0,0,0,0,0,0
2026-09-15 09:22:00,M003,83,L47262,L,298.9,308.9,1453,40.8,11,0,0,0,0,0,0
2026-09-15 09:23:00,M004,84,L47263,L,299.0,309.0,1469,40.1,13,0,0,0,0,0,0
2026-09-15 09:24:00,M001,85,L47264,L,298.9,308.9,1422,47.6,15,0,0,0,0,0,0
2026-09-15 09:25:00,M002,86,M14945,M,299.0,309.0,1804,26.8,17,0,0,0,0,0,0
2026-09-15 09:26:00,M003,87,H29500,H,299.0,309.0,1436,43.9,20,0,0,0,0,0,0
2026-09-15 09:27:00,M004,88,L47267,L,299.0,309.0,1544,31.8,25,0,0,0,0,0,0
2026-09-15 09:28:00,M001,89,M14948,M,299.0,309.0,1419,45.2,27,0,0,0,0,0,0
2026-09-15 09:29:00,M002,90,M14949,M,298.9,308.9,1487,39.5,30,0,0,0,0,0,0
2026-09-15 09:30:00,M003,91,L47270,L,298.9,308.9,1753,25.8,33,0,0,0,0,0,0
2026-09-15 09:31:00,M004,92,L47271,L,298.9,308.9,1830,24.9,35,0,0,0,0,0,0
2026-09-15 09:32:00,M001,93,M14952,M,298.9,308.9,1727,27.1,37,0,0,0,0,0,0
2026-09-15 09:33:00,M002,94,L47273,L,299.1,309.0,1450,43.0,40,0,0,0,0,0,0
2026-09-15 09:34:00,M003,95,L47274,L,299.0,308.9,1622,31.9,42,0,0,0,0,0,0
2026-09-15 09:35:00,M004,96,M14955,M,299.0,309.0,1351,52.2,44,0,0,0,0,0,0
2026-09-15 09:36:00,M001,97,M14956,M,299.0,309.0,1575,35.3,47,0,0,0,0,0,0
2026-09-15 09:37:00,M002,98,M14957,M,298.9,308.9,1750,29.9,50,0,0,0,0,0,0
2026-09-15 09:38:00,M003,99,L47278,L,298.9,308.8,1529,32.7,53,0,0,0,0,0,0
2026-09-15 09:39:00,M004,100,L47279,L,298.8,308.8,1523,44.4,55,0,0,0,0,0,0
2026-09-15 09:40:00,M001,101,L47280,L,298.8,308.9,1852,25.0,57,0,0,0,0,0,0
2026-09-15 09:41:00,M002,102,L47281,L,298.8,308.8,1991,20.7,59,0,0,0,0,0,0
2026-09-15 09:42:00,M003,103,L47282,L,298.8,308.8,1555,40.6,61,0,0,0,0,0,0
2026-09-15 09:43:00,M004,104,M14963,M,298.8,308.8,1441,40.5,63,0,0,0,0,0,0
2026-09-15 09:44:00,M001,105,L47284,L,298.8,308.7,1450,43.4,66,0,0,0,0,0,0
2026-09-15 09:45:00,M002,106,L47285,L,298.8,308.7,1591,31.1,68,0,0,0,0,0,0
2026-09-15 09:46:00,M003,107,L47286,L,298.8,308.7,1445,48.5,70,0,0,0,0,0,0
2026-09-15 09:47:00,M004,108,M14967,M,298.8,308.8,1497,46.8,72,0,0,0,0,0,0
2026-09-15 09:48:00,M001,109,H29522,H,298.9,308.8,1621,32.7,75,0,0,0,0,0,0
2026-09-15 09:49:00,M002,110,L47289,L,298.9,308.7,1572,34.1,80,0,0,0,0,0,0
2026-09-15 09:50:00,M003,111,L47290,L,298.8,308.6,1872,22.5,82,0,0,0,0,0,0
2026-09-15 09:51:00,M004,112,H29525,H,298.7,308.6,1499,43.5,84,0,0,0,0,0,0
2026-09-15 09:52:00,M001,113,M14972,M,298.8,308.7,1498,39.5,89,0,0,0,0,0,0
2026-09-15 09:53:00,M002,114,M14973,M,298.8,308.6,1486,41.9,92,0,0,0,0,0,0
2026-09-15 09:54:00,M003,115,L47294,L,298.8,308.6,1680,29.4,95,0,0,0,0,0,0
2026-09-15 09:55:00,M004,116,L47295,L,298.8,308.6,1431,45.7,97,0,0,0,0,0,0
2026-09-15 09:56:00,M001,117,L47296,L,298.9,308.7,1564,34.1,99,0,0,0,0,0,0
2026-09-15 09:57:00,M002,118,L47297,L,298.8,308.6,1599,33.0,101,0,0,0,0,0,0
2026-09-15 09:58:00,M003,119,M14978,M,298.8,308.6,1707,28.1,103,0,0,0,0,0,0
2026-09-15 09:59:00,M004,120,L47299,L,298.7,308.5,1467,40.7,106,0,0,0,0,0,0
2026-09-15 10:00:00,M001,121,L47300,L,298.9,308.7,1433,44.7,108,0,0,0,0,0,0
2026-09-15 10:01:00,M002,122,L47301,L,298.9,308.7,1558,41.2,110,0,0,0,0,0,0
2026-09-15 10:02:00,M003,123,L47302,L,299.0,308.8,1310,50.7,112,0,0,0,0,0,0
2026-09-15 10:03:00,M004,124,L47303,L,298.9,308.7,1546,43.4,114,0,0,0,0,0,0
2026-09-15 10:04:00,M001,125,L47304,L,298.9,308.7,1727,29.4,116,0,0,0,0,0,0
2026-09-15 10:05:00,M002,126,L47305,L,298.9,308.6,1560,32.2,118,0,0,0,0,0,0
2026-09-15 10:06:00,M003,127,L47306,L,299.0,308.6,1329,60.5,120,0,0,0,0,0,0
2026-09-15 10:07:00,M004,128,L47307,L,298.9,308.6,1413,46.5,122,0,0,0,0,0,0
2026-09-15 10:08:00,M001,129,L47308,L,299.0,308.6,1587,38.6,124,0,0,0,0,0,0
2026-09-15 10:09:00,M002,130,L47309,L,298.9,308.5,1559,34.3,126,0,0,0,0,0,0
2026-09-15 10:10:00,M003,131,L47310,L,298.8,308.4,1473,41.1,128,0,0,0,0,0,0
2026-09-15 10:11:00,M004,132,L47311,L,298.8,308.4,1737,27.7,130,0,0,0,0,0,0
2026-09-15 10:12:00,M001,133,M14992,M,298.7,308.4,1441,43.2,132,0,0,0,0,0,0
2026-09-15 10:13:00,M002,134,M14993,M,298.7,308.4,1430,49.6,135,0,0,0,0,0,0
2026-09-15 10:14:00,M003,135,L47314,L,298.8,308.4,1369,53.0,138,0,0,0,0,0,0
2026-09-15 10:15:00,M004,136,M14995,M,298.8,308.5,1711,28.5,140,0,0,0,0,0,0
2026-09-15 10:16:00,M001,137,H29550,H,298.7,308.5,1420,45.7,143,0,0,0,0,0,0
2026-09-15 10:17:00,M002,138,L47317,L,298.7,308.6,1297,55.3,148,0,0,0,0,0,0
2026-09-15 10:18:00,M003,139,H29552,H,298.8,308.6,1449,49.4,150,0,0,0,0,0,0
2026-09-15 10:19:00,M004,140,L47319,L,298.8,308.6,1268,55.8,155,0,0,0,0,0,0
2026-09-15 10:20:00,M001,141,L47320,L,298.8,308.6,1511,36.1,157,0,0,0,0,0,0
2026-09-15 10:21:00,M002,142,L47321,L,298.7,308.5,1544,35.2,159,0,0,0,0,0,0
2026-09-15 10:22:00,M003,143,M15002,M,298.6,308.4,1778,28.2,161,0,0,0,0,0,0
2026-09-15 10:23:00,M004,144,H29557,H,298.6,308.4,1407,50.5,164,0,0,0,0,0,0
2026-09-15 10:24:00,M001,145,M15004,M,298.6,308.4,1391,42.4,169,0,0,0,0,0,0
2026-09-15 10:25:00,M002,146,L47325,L,298.5,308.4,1513,33.6,172,0,0,0,0,0,0
2026-09-15 10:26:00,M003,147,H29560,H,298.5,308.4,1612,36.1,174,0,0,0,0,0,0
2026-09-15 10:27:00,M004,148,L47327,L,298.4,308.4,1515,40.1,179,0,0,0,0,0,0
2026-09-15 10:28:00,M001,149,M15008,M,298.3,308.3,1379,48.0,181,0,0,0,0,0,0
2026-09-15 10:29:00,M002,150,L47329,L,298.4,308.3,1473,39.9,184,0,0,0,0,0,0
2026-09-15 10:30:00,M003,151,L47330,L,298.4,308.3,1422,42.7,186,0,0,0,0,0,0
2026-09-15 10:31:00,M004,152,M15011,M,298.4,308.2,1463,37.6,188,0,0,0,0,0,0
2026-09-15 10:32:00,M001,153,M15012,M,298.4,308.2,1584,41.0,191,0,0,0,0,0,0
2026-09-15 10:33:00,M002,154,L47333,L,298.4,308.2,1850,27.0,194,0,0,0,0,0,0
2026-09-15 10:34:00,M003,155,L47334,L,298.4,308.2,1528,36.2,196,0,0,0,0,0,0
2026-09-15 10:35:00,M004,156,H29569,H,298.4,308.2,1987,19.8,198,0,0,0,0,0,0
2026-09-15 10:36:00,M001,157,M15016,M,298.4,308.1,1495,46.0,203,0,0,0,0,0,0
2026-09-15 10:37:00,M002,158,H29571,H,298.4,308.2,1478,43.5,206,0,0,0,0,0,0
2026-09-15 10:38:00,M003,159,M15018,M,298.4,308.2,1499,40.0,211,0,0,0,0,0,0
2026-09-15 10:39:00,M004,160,L47339,L,298.4,308.2,1471,47.0,214,0,0,0,0,0,0
2026-09-15 10:40:00,M001,161,L47340,L,298.4,308.2,1282,60.7,216,1,0,0,0,1,0
2026-09-15 10:41:00,M002,162,L47341,L,298.3,308.1,1412,52.3,218,1,0,0,0,1,0
2026-09-15 10:42:00,M003,163,L47342,L,298.3,308.1,1586,35.5,0,0,0,0,0,0,0
2026-09-15 10:43:00,M004,164,M15023,M,298.4,308.2,1468,43.8,2,0,0,0,0,0,0
2026-09-15 10:44:00,M001,165,M15024,M,298.5,308.3,1440,43.6,5,0,0,0,0,0,0
2026-09-15 10:45:00,M002,166,L47345,L,298.5,308.4,1733,26.0,8,0,0,0,0,0,0
2026-09-15 10:46:00,M003,167,H29580,H,298.4,308.2,1612,32.6,10,0,0,0,0,0,0
2026-09-15 10:47:00,M004,168,H29581,H,298.4,308.3,1458,42.9,15,0,0,0,0,0,0
2026-09-15 10:48:00,M001,169,L47348,L,298.4,308.3,1433,62.3,20,1,0,0,1,0,0
2026-09-15 10:49:00,M002,170,L47349,L,298.4,308.3,1318,59.1,22,0,0,0,0,0,0
2026-09-15 10:50:00,M003,171,M15030,M,298.4,308.2,1610,35.0,24,0,0,0,0,0,0
2026-09-15 10:51:00,M004,172,L47351,L,298.2,308.1,1462,50.8,27,0,0,0,0,0,0
2026-09-15 10:52:00,M001,173,M15032,M,298.1,308.0,1924,20.8,29,0,0,0,0,0,0
2026-09-15 10:53:00,M002,174,M15033,M,298.2,308.0,1591,33.7,32,0,0,0,0,0,0
2026-09-15 10:54:00,M003,175,L47354,L,298.2,308.1,1306,58.3,35,0,0,0,0,0,0
2026-09-15 10:55:00,M004,176,L47355,L,298.2,308.1,1382,43.5,37,0,0,0,0,0,0
2026-09-15 10:56:00,M001,177,L47356,L,298.2,308.1,1618,34.7,39,0,0,0,0,0,0
2026-09-15 10:57:00,M002,178,L47357,L,298.2,308.2,1988,21.4,41,0,0,0,0,0,0
2026-09-15 10:58:00,M003,179,L47358,L,298.2,308.2,1436,50.2,43,0,0,0,0,0,0
2026-09-15 10:59:00,M004,180,L47359,L,298.2,308.3,1304,49.8,45,0,0,0,0,0,0
2026-09-15 11:00:00,M001,181,L47360,L,298.2,308.3,1475,49.9,47,0,0,0,0,0,0
2026-09-15 11:01:00,M002,182,H29595,H,298.2,308.3,1824,24.2,49,0,0,0,0,0,0
2026-09-15 11:02:00,M003,183,M15042,M,298.1,308.2,1342,48.1,54,0,0,0,0,0,0
2026-09-15 11:03:00,M004,184,L47363,L,298.1,308.2,1485,40.7,57,0,0,0,0,0,0
2026-09-15 11:04:00,M001,185,L47364,L,298.2,308.2,1667,30.6,59,0,0,0,0,0,0
2026-09-15 11:05:00,M002,186,L47365,L,298.2,308.2,1446,38.2,61,0,0,0,0,0,0
2026-09-15 11:06:00,M003,187,L47366,L,298.1,308.3,1301,56.0,63,0,0,0,0,0,0
2026-09-15 11:07:00,M004,188,L47367,L,298.2,308.4,1379,43.1,65,0,0,0,0,0,0
2026-09-15 11:08:00,M001,189,L47368,L,298.3,308.5,1606,33.6,67,0,0,0,0,0,0
2026-09-15 11:09:00,M002,190,M15049,M,298.3,308.4,1539,43.4,69,0,0,0,0,0,0
2026-09-15 11:10:00,M003,191,L47370,L,298.2,308.4,1477,49.9,72,0,0,0,0,0,0
2026-09-15 11:11:00,M004,192,L47371,L,298.2,308.4,1666,34.6,74,0,0,0,0,0,0
2026-09-15 11:12:00,M001,193,H29606,H,298.2,308.4,1398,51.8,76,0,0,0,0,0,0
2026-09-15 11:13:00,M002,194,H29607,H,298.2,308.4,1678,34.6,81,0,0,0,0,0,0
2026-09-15 11:14:00,M003,195,M15054,M,298.2,308.5,2678,10.7,86,1,0,0,1,0,0
2026-09-15 11:15:00,M004,196,L47375,L,298.3,308.5,1453,42.9,89,0,0,0,0,0,0
2026-09-15 11:16:00,M001,197,H29610,H,298.3,308.6,1432,49.5,91,0,0,0,0,0,0
2026-09-15 11:17:00,M002,198,M15057,M,298.4,308.6,1527,40.9,96,0,0,0,0,0,0
2026-09-15 11:18:00,M003,199,L47378,L,298.4,308.7,1588,35.0,99,0,0,0,0,0,0
2026-09-15 11:19:00,M004,200,L47379,L,298.4,308.6,1433,47.1,101,0,0,0,0,0,0
2026-09-15 11:20:00,M001,201,L47380,L,298.4,308.6,1609,35.0,103,0,0,0,0,0,0
2026-09-15 11:21:00,M002,202,L47381,L,298.3,308.5,1575,41.2,105,0,0,0,0,0,0
2026-09-15 11:22:00,M003,203,M15062,M,298.4,308.5,1636,35.7,107,0,0,0,0,0,0
2026-09-15 11:23:00,M004,204,L47383,L,298.4,308.5,1490,37.9,110,0,0,0,0,0,0
2026-09-15 11:24:00,M001,205,L47384,L,298.4,308.5,1741,32.8,112,0,0,0,0,0,0
2026-09-15 11:25:00,M002,206,M15065,M,298.5,308.6,1344,53.0,114,0,0,0,0,0,0
2026-09-15 11:26:00,M003,207,L47386,L,298.5,308.7,1609,35.3,117,0,0,0,0,0,0
2026-09-15 11:27:00,M004,208,M15067,M,298.4,308.7,1421,60.7,119,1,0,0,1,0,0
2026-09-15 11:28:00,M001,209,L47388,L,298.4,308.6,1591,36.7,122,0,0,0,0,0,0
2026-09-15 11:29:00,M002,210,L47389,L,298.4,308.6,1477,44.0,124,0,0,0,0,0,0
2026-09-15 11:30:00,M003,211,L47390,L,298.4,308.7,1523,36.1,126,0,0,0,0,0,0
2026-09-15 11:31:00,M004,212,L47391,L,298.5,308.7,1575,33.9,128,0,0,0,0,0,0
2026-09-15 11:32:00,M001,213,H29626,H,298.4,308.7,1344,52.9,130,0,0,0,0,0,0
2026-09-15 11:33:00,M002,214,L47393,L,298.4,308.7,1386,44.9,135,0,0,0,0,0,0
2026-09-15 11:34:00,M003,215,M15074,M,298.3,308.6,1589,37.1,137,0,0,0,0,0,0
2026-09-15 11:35:00,M004,216,L47395,L,298.3,308.6,1548,40.3,140,0,0,0,0,0,0
2026-09-15 11:36:00,M001,217,L47396,L,298.3,308.6,1499,38.3,142,0,0,0,0,0,0
2026-09-15 11:37:00,M002,218,L47397,L,298.3,308.5,1664,31.6,144,0,0,0,0,0,0
2026-09-15 11:38:00,M003,219,L47398,L,298.3,308.6,1447,38.1,146,0,0,0,0,0,0
2026-09-15 11:39:00,M004,220,M15079,M,298.3,308.5,1434,46.2,148,0,0,0,0,0,0
2026-09-15 11:40:00,M001,221,L47400,L,298.3,308.5,1416,52.7,151,0,0,0,0,0,0
2026-09-15 11:41:00,M002,222,H29635,H,298.4,308.5,1827,24.3,153,0,0,0,0,0,0
2026-09-15 11:42:00,M003,223,L47402,L,298.4,308.6,1304,45.0,158,0,0,0,0,0,0
2026-09-15 11:43:00,M004,224,L47403,L,298.4,308.6,1569,34.4,160,0,0,0,0,0,0
2026-09-15 11:44:00,M001,225,L47404,L,298.3,308.6,1584,29.3,162,0,0,0,0,0,0
2026-09-15 11:45:00,M002,226,L47405,L,298.3,308.5,1362,53.8,164,0,0,0,0,0,0
2026-09-15 11:46:00,M003,227,L47406,L,298.3,308.4,1329,49.2,166,0,0,0,0,0,0
2026-09-15 11:47:00,M004,228,L47407,L,298.3,308.5,1539,36.1,168,0,0,0,0,0,0
2026-09-15 11:48:00,M001,229,M15088,M,298.3,308.5,1629,37.1,170,0,0,0,0,0,0
2026-09-15 11:49:00,M002,230,L47409,L,298.3,308.5,1538,32.2,173,0,0,0,0,0,0
2026-09-15 11:50:00,M003,231,L47410,L,298.3,308.6,1570,34.8,175,0,0,0,0,0,0
2026-09-15 11:51:00,M004,232,L47411,L,298.3,308.4,1408,43.1,177,0,0,0,0,0,0
2026-09-15 11:52:00,M001,233,L47412,L,298.2,308.4,1424,47.6,179,0,0,0,0,0,0
2026-09-15 11:53:00,M002,234,L47413,L,298.2,308.4,1512,34.9,181,0,0,0,0,0,0
2026-09-15 11:54:00,M003,235,L47414,L,298.2,308.4,1478,42.9,183,0,0,0,0,0,0
2026-09-15 11:55:00,M004,236,M15095,M,298.1,308.3,1680,33.7,185,0,0,0,0,0,0
2026-09-15 11:56:00,M001,237,L47416,L,298.1,308.3,1495,38.7,188,0,0,0,0,0,0
2026-09-15 11:57:00,M002,238,M15097,M,298.0,308.1,1552,36.6,190,0,0,0,0,0,0
2026-09-15 11:58:00,M003,239,L47418,L,297.9,308.1,1393,50.3,193,0,0,0,0,0,0
2026-09-15 11:59:00,M004,240,L47419,L,298.0,308.2,1611,30.6,195,0,0,0,0,0,0
