timestamp,machine_id,air_temperature_C,process_temperature_C,humidity_pct,temperature_anomaly,failure
2026-01-01 00:00:00,SYN-01,22.35,52.99,55.24,0,0
2026-01-01 00:01:00,SYN-02,22.53,52.95,58.25,0,0
2026-01-01 00:02:00,SYN-03,22.84,56.88,54.05,0,0
2026-01-01 00:03:00,SYN-04,22.83,54.49,53.96,0,0
2026-01-01 00:04:00,SYN-01,23.16,55.07,55.94,0,0
2026-01-01 00:05:00,SYN-02,22.41,52.54,56.76,0,0
2026-01-01 00:06:00,SYN-03,22.63,55.5,56.21,0,0
2026-01-01 00:07:00,SYN-04,21.95,54.81,59.48,0,0
2026-01-01 00:08:00,SYN-01,24.43,55.78,59.35,0,0
2026-01-01 00:09:00,SYN-02,22.98,52.56,55.75,0,0
2026-01-01 00:10:00,SYN-03,20.94,53.46,54.73,0,0
2026-01-01 00:11:00,SYN-04,21.89,53.41,55.29,0,0
2026-01-01 00:12:00,SYN-01,21.81,54.16,57.78,0,0
2026-01-01 00:13:00,SYN-02,22.32,54.58,54.09,0,0
2026-01-01 00:14:00,SYN-03,23.39,54.98,53.65,0,0
2026-01-01 00:15:00,SYN-04,22.25,53.22,52.81,0,0
2026-01-01 00:16:00,SYN-01,23.25,56.5,51.82,0,0
2026-01-01 00:17:00,SYN-02,23.06,55.36,58.27,0,0
2026-01-01 00:18:00,SYN-03,22.32,52.69,57.76,0,0
2026-01-01 00:19:00,SYN-04,23.02,54.57,54.98,0,0
2026-01-01 00:20:00,SYN-01,23.51,56.31,56.87,0,0
2026-01-01 00:21:00,SYN-02,23.21,54.66,55.03,0,0
2026-01-01 00:22:00,SYN-03,22.25,54.99,56.85,0,0
2026-01-01 00:23:00,SYN-04,22.48,53.7,59.48,0,0
2026-01-01 00:24:00,SYN-01,23.46,55.17,56.25,0,0
2026-01-01 00:25:00,SYN-02,22.13,55.73,52.92,0,0
2026-01-01 00:26:00,SYN-03,22.88,53.8,52.99,0,0
2026-01-01 00:27:00,SYN-04,23.28,56.28,59.07,0,0
2026-01-01 00:28:00,SYN-01,24.11,55.26,52.56,0,0
2026-01-01 00:29:00,SYN-02,22.21,55.3,59.1,0,0
2026-01-01 00:30:00,SYN-03,23.59,56.66,57.23,0,0
2026-01-01 00:31:00,SYN-04,23.47,57.22,56.03,0,0
2026-01-01 00:32:00,SYN-01,22.98,56.82,55.68,0,0
2026-01-01 00:33:00,SYN-02,23.58,56.63,55.62,0,0
2026-01-01 00:34:00,SYN-03,23.71,57.44,52.45,0,0
2026-01-01 00:35:00,SYN-04,23.32,56.17,57.54,0,0
2026-01-01 00:36:00,SYN-01,22.84,56.75,57.41,0,0
2026-01-01 00:37:00,SYN-02,23.71,55.89,55.89,0,0
2026-01-01 00:38:00,SYN-03,25.56,58.93,53.97,0,0
2026-01-01 00:39:00,SYN-04,23.49,58.42,58.38,0,0
2026-01-01 00:40:00,SYN-01,23.84,56.76,57.01,0,0
2026-01-01 00:41:00,SYN-02,23.06,55.84,58.49,0,0
2026-01-01 00:42:00,SYN-03,22.71,55.21,55.95,0,0
2026-01-01 00:43:00,SYN-04,22.93,55.14,57.18,0,0
2026-01-01 00:44:00,SYN-01,21.82,55.0,53.2,0,0
2026-01-01 00:45:00,SYN-02,23.18,56.04,56.61,0,0
2026-01-01 00:46:00,SYN-03,23.49,57.07,53.32,0,0
2026-01-01 00:47:00,SYN-04,22.36,56.42,55.52,0,0
2026-01-01 00:48:00,SYN-01,21.95,56.61,57.75,0,0
2026-01-01 00:49:00,SYN-02,23.58,57.13,57.5,0,0
2026-01-01 00:50:00,SYN-03,22.4,53.79,58.17,0,0
2026-01-01 00:51:00,SYN-04,22.9,56.34,57.55,0,0
2026-01-01 00:52:00,SYN-01,23.13,55.46,58.82,0,0
2026-01-01 00:53:00,SYN-02,23.94,56.1,52.5,0,0
2026-01-01 00:54:00,SYN-03,22.36,54.2,53.7,0,0
2026-01-01 00:55:00,SYN-04,23.91,56.58,56.82,0,0
2026-01-01 00:56:00,SYN-01,22.65,56.18,53.73,0,0
2026-01-01 00:57:00,SYN-02,24.54,57.67,53.25,0,0
2026-01-01 00:58:00,SYN-03,22.04,54.37,56.17,0,0
2026-01-01 00:59:00,SYN-04,24.42,56.6,53.88,0,0
2026-01-01 01:00:00,SYN-01,23.31,55.05,53.33,0,0
2026-01-01 01:01:00,SYN-02,23.44,56.58,54.03,0,0
2026-01-01 01:02:00,SYN-03,22.97,55.85,55.51,0,0
2026-01-01 01:03:00,SYN-04,21.95,53.5,55.45,0,0
2026-01-01 01:04:00,SYN-01,24.41,57.89,56.27,0,0
2026-01-01 01:05:00,SYN-02,23.79,55.73,53.81,0,0
2026-01-01 01:06:00,SYN-03,24.0,56.8,53.1,0,0
2026-01-01 01:07:00,SYN-04,22.15,53.85,52.93,0,0
2026-01-01 01:08:00,SYN-01,23.11,55.64,56.43,0,0
2026-01-01 01:09:00,SYN-02,22.33,53.99,54.87,0,0
2026-01-01 01:10:00,SYN-03,23.34,55.11,58.4,0,0
2026-01-01 01:11:00,SYN-04,24.26,56.2,51.8,0,0
2026-01-01 01:12:00,SYN-01,21.86,53.48,55.89,0,0
2026-01-01 01:13:00,SYN-02,22.95,55.42,56.13,0,0
2026-01-01 01:14:00,SYN-03,23.42,55.79,55.07,0,0
2026-01-01 01:15:00,SYN-04,23.73,56.37,53.44,0,0
2026-01-01 01:16:00,SYN-01,24.32,57.9,57.81,0,0
2026-01-01 01:17:00,SYN-02,23.84,55.56,54.48,0,0
2026-01-01 01:18:00,SYN-03,23.29,55.24,54.11,0,0
2026-01-01 01:19:00,SYN-04,23.11,55.2,52.87,0,0
2026-01-01 01:20:00,SYN-01,23.38,55.66,58.14,0,0
2026-01-01 01:21:00,SYN-02,22.83,55.09,53.86,0,0
2026-01-01 01:22:00,SYN-03,24.42,57.59,59.21,0,0
2026-01-01 01:23:00,SYN-04,23.49,54.98,57.68,0,0
2026-01-01 01:24:00,SYN-01,24.26,57.37,56.72,0,0
2026-01-01 01:25:00,SYN-02,23.54,56.44,56.89,0,0
2026-01-01 01:26:00,SYN-03,23.83,56.31,54.67,0,0
2026-01-01 01:27:00,SYN-04,24.22,57.75,56.15,0,0
2026-01-01 01:28:00,SYN-01,24.12,56.77,52.77,0,0
2026-01-01 01:29:00,SYN-02,24.33,55.72,54.74,0,0
2026-01-01 01:30:00,SYN-03,23.7,55.56,54.96,0,0
2026-01-01 01:31:00,SYN-04,23.95,54.11,52.71,0,0
2026-01-01 01:32:00,SYN-01,24.13,55.81,51.92,0,0
2026-01-01 01:33:00,SYN-02,22.92,56.0,56.08,0,0
2026-01-01 01:34:00,SYN-03,23.1,55.63,50.88,0,0
2026-01-01 01:35:00,SYN-04,24.43,57.65,52.63,0,0
2026-01-01 01:36:00,SYN-01,25.23,57.76,54.1,0,0
2026-01-01 01:37:00,SYN-02,23.34,55.72,57.6,0,0
2026-01-01 01:38:00,SYN-03,23.47,54.55,54.67,0,0
2026-01-01 01:39:00,SYN-04,24.41,55.26,57.71,0,0
2026-01-01 01:40:00,SYN-01,23.65,54.56,54.72,0,0
2026-01-01 01:41:00,SYN-02,23.76,54.61,51.31,0,0
2026-01-01 01:42:00,SYN-03,23.74,55.21,56.47,0,0
2026-01-01 01:43:00,SYN-04,24.73,55.39,55.1,0,0
2026-01-01 01:44:00,SYN-01,23.53,54.66,57.32,0,0
2026-01-01 01:45:00,SYN-02,24.15,54.78,59.17,0,0
2026-01-01 01:46:00,SYN-03,25.0,58.14,56.82,0,0
2026-01-01 01:47:00,SYN-04,23.76,55.82,58.3,0,0
2026-01-01 01:48:00,SYN-01,23.46,54.89,54.32,0,0
2026-01-01 01:49:00,SYN-02,24.68,53.71,54.34,0,0
2026-01-01 01:50:00,SYN-03,23.54,54.29,54.94,0,0
2026-01-01 01:51:00,SYN-04,24.61,56.6,52.8,0,0
2026-01-01 01:52:00,SYN-01,24.19,54.5,52.46,0,0
2026-01-01 01:53:00,SYN-02,24.12,53.77,54.98,0,0
2026-01-01 01:54:00,SYN-03,24.01,53.87,54.99,0,0
2026-01-01 01:55:00,SYN-04,23.03,55.07,58.75,0,0
2026-01-01 01:56:00,SYN-01,24.93,55.42,58.32,0,0
2026-01-01 01:57:00,SYN-02,23.05,53.96,52.69,0,0
2026-01-01 01:58:00,SYN-03,24.25,54.67,50.9,0,0
2026-01-01 01:59:00,SYN-04,24.6,55.72,52.84,0,0
2026-01-01 02:00:00,SYN-01,24.66,54.33,58.86,0,0
2026-01-01 02:01:00,SYN-02,23.19,52.63,51.22,0,0
2026-01-01 02:02:00,SYN-03,24.34,54.78,55.41,0,0
2026-01-01 02:03:00,SYN-04,24.04,54.99,52.55,0,0
2026-01-01 02:04:00,SYN-01,25.0,55.35,53.54,0,0
2026-01-01 02:05:00,SYN-02,23.58,53.2,56.05,0,0
2026-01-01 02:06:00,SYN-03,23.41,53.56,53.65,0,0
2026-01-01 02:07:00,SYN-04,24.08,54.59,54.1,0,0
2026-01-01 02:08:00,SYN-01,24.94,55.48,51.26,0,0
2026-01-01 02:09:00,SYN-02,24.94,54.42,55.84,0,0
2026-01-01 02:10:00,SYN-03,23.9,55.25,52.49,0,0
2026-01-01 02:11:00,SYN-04,24.61,53.46,56.29,0,0
2026-01-01 02:12:00,SYN-01,22.75,53.14,53.98,0,0
2026-01-01 02:13:00,SYN-02,23.42,53.3,55.88,0,0
2026-01-01 02:14:00,SYN-03,23.59,53.31,56.42,0,0
2026-01-01 02:15:00,SYN-04,24.37,54.13,54.28,0,0
2026-01-01 02:16:00,SYN-01,23.36,53.09,49.96,0,0
2026-01-01 02:17:00,SYN-02,25.15,55.14,50.92,0,0
2026-01-01 02:18:00,SYN-03,25.65,55.96,54.21,0,0
2026-01-01 02:19:00,SYN-04,23.72,53.42,54.16,0,0
2026-01-01 02:20:00,SYN-01,23.34,53.58,51.97,0,0
2026-01-01 02:21:00,SYN-02,23.98,54.99,54.76,0,0
2026-01-01 02:22:00,SYN-03,24.18,53.97,52.52,0,0
2026-01-01 02:23:00,SYN-04,25.33,53.34,53.23,0,0
2026-01-01 02:24:00,SYN-01,25.01,54.72,53.62,0,0
2026-01-01 02:25:00,SYN-02,23.74,52.78,49.83,0,0
2026-01-01 02:26:00,SYN-03,25.11,55.14,51.08,0,0
2026-01-01 02:27:00,SYN-04,24.94,55.51,54.04,0,0
2026-01-01 02:28:00,SYN-01,23.24,52.18,51.4,0,0
2026-01-01 02:29:00,SYN-02,25.85,55.84,51.86,0,0
2026-01-01 02:30:00,SYN-03,23.95,52.66,50.28,0,0
2026-01-01 02:31:00,SYN-04,24.56,54.07,55.45,0,0
2026-01-01 02:32:00,SYN-01,24.57,55.0,57.84,0,0
2026-01-01 02:33:00,SYN-02,24.77,54.64,50.89,0,0
2026-01-01 02:34:00,SYN-03,23.27,52.38,50.87,0,0
2026-01-01 02:35:00,SYN-04,24.03,51.27,53.57,0,0
2026-01-01 02:36:00,SYN-01,25.41,54.88,54.72,0,0
2026-01-01 02:37:00,SYN-02,24.41,53.88,51.39,0,0
2026-01-01 02:38:00,SYN-03,25.0,54.63,54.88,0,0
2026-01-01 02:39:00,SYN-04,24.87,53.74,54.93,0,0
2026-01-01 02:40:00,SYN-01,24.02,53.81,52.0,0,0
2026-01-01 02:41:00,SYN-02,22.7,52.23,58.28,0,0
2026-01-01 02:42:00,SYN-03,24.22,53.0,53.81,0,0
2026-01-01 02:43:00,SYN-04,25.62,55.74,51.5,0,0
2026-01-01 02:44:00,SYN-01,23.48,52.89,55.55,0,0
2026-01-01 02:45:00,SYN-02,25.07,55.91,51.12,0,0
2026-01-01 02:46:00,SYN-03,25.16,54.91,52.36,0,0
2026-01-01 02:47:00,SYN-04,23.04,51.26,53.11,0,0
2026-01-01 02:48:00,SYN-01,24.4,52.86,52.05,0,0
2026-01-01 02:49:00,SYN-02,24.93,54.91,54.01,0,0
2026-01-01 02:50:00,SYN-03,24.36,55.07,52.11,0,0
2026-01-01 02:51:00,SYN-04,24.37,53.08,49.64,0,0
2026-01-01 02:52:00,SYN-01,24.87,53.56,58.0,0,0
2026-01-01 02:53:00,SYN-02,23.85,53.72,53.63,0,0
2026-01-01 02:54:00,SYN-03,24.76,54.28,54.86,0,0
2026-01-01 02:55:00,SYN-04,24.74,54.78,51.29,0,0
2026-01-01 02:56:00,SYN-01,23.22,53.28,56.72,0,0
2026-01-01 02:57:00,SYN-02,24.12,54.02,53.56,0,0
2026-01-01 02:58:00,SYN-03,26.11,55.86,53.56,0,0
2026-01-01 02:59:00,SYN-04,24.41,54.43,50.13,0,0
2026-01-01 03:00:00,SYN-01,24.44,54.26,55.51,0,0
2026-01-01 03:01:00,SYN-02,24.66,54.99,50.25,0,0
2026-01-01 03:02:00,SYN-03,24.98,54.38,49.67,0,0
2026-01-01 03:03:00,SYN-04,24.34,52.98,49.22,0,0
2026-01-01 03:04:00,SYN-01,23.58,54.22,53.13,0,0
2026-01-01 03:05:00,SYN-02,24.01,53.31,51.92,0,0
2026-01-01 03:06:00,SYN-03,24.01,53.9,53.41,0,0
2026-01-01 03:07:00,SYN-04,23.58,52.2,52.44,0,0
2026-01-01 03:08:00,SYN-01,24.35,53.84,55.77,0,0
2026-01-01 03:09:00,SYN-02,23.39,52.89,52.34,0,0
2026-01-01 03:10:00,SYN-03,25.4,54.38,53.84,0,0
2026-01-01 03:11:00,SYN-04,24.77,54.73,52.28,0,0
2026-01-01 03:12:00,SYN-01,25.0,54.33,51.11,0,0
2026-01-01 03:13:00,SYN-02,24.31,52.2,52.02,0,0
2026-01-01 03:14:00,SYN-03,24.41,53.98,49.61,0,0
2026-01-01 03:15:00,SYN-04,24.56,53.64,50.84,0,0
2026-01-01 03:16:00,SYN-01,24.43,55.01,50.21,0,0
2026-01-01 03:17:00,SYN-02,25.33,56.77,49.57,0,0
2026-01-01 03:18:00,SYN-03,25.14,55.28,48.62,0,0
2026-01-01 03:19:00,SYN-04,26.3,55.76,50.97,0,0
2026-01-01 03:20:00,SYN-01,25.08,54.96,53.57,0,0
2026-01-01 03:21:00,SYN-02,24.6,55.31,54.81,0,0
2026-01-01 03:22:00,SYN-03,23.95,53.58,55.82,0,0
2026-01-01 03:23:00,SYN-04,24.33,55.57,47.53,0,0
2026-01-01 03:24:00,SYN-01,24.42,54.42,51.1,0,0
2026-01-01 03:25:00,SYN-02,23.98,53.55,47.99,0,0
2026-01-01 03:26:00,SYN-03,24.91,55.52,51.87,0,0
2026-01-01 03:27:00,SYN-04,23.74,53.01,52.11,0,0
2026-01-01 03:28:00,SYN-01,25.15,54.71,50.88,0,0
2026-01-01 03:29:00,SYN-02,24.53,54.46,53.74,0,0
2026-01-01 03:30:00,SYN-03,25.08,56.05,52.23,0,0
2026-01-01 03:31:00,SYN-04,25.59,55.56,48.23,0,0
2026-01-01 03:32:00,SYN-01,23.56,53.86,51.68,0,0
2026-01-01 03:33:00,SYN-02,24.99,55.43,53.18,0,0
2026-01-01 03:34:00,SYN-03,25.3,56.07,49.6,0,0
2026-01-01 03:35:00,SYN-04,24.72,55.28,53.36,0,0
2026-01-01 03:36:00,SYN-01,23.17,54.26,51.17,0,0
2026-01-01 03:37:00,SYN-02,25.05,56.5,51.51,0,0
2026-01-01 03:38:00,SYN-03,23.91,54.99,50.21,0,0
2026-01-01 03:39:00,SYN-04,24.4,56.02,51.15,0,0
2026-01-01 03:40:00,SYN-01,24.84,56.31,51.8,0,0
2026-01-01 03:41:00,SYN-02,24.45,55.1,51.24,0,0
2026-01-01 03:42:00,SYN-03,24.85,54.85,49.77,0,0
2026-01-01 03:43:00,SYN-04,25.21,55.33,49.27,0,0
2026-01-01 03:44:00,SYN-01,23.7,54.66,50.92,0,0
2026-01-01 03:45:00,SYN-02,24.81,56.73,47.28,0,0
2026-01-01 03:46:00,SYN-03,23.79,53.88,48.52,0,0
2026-01-01 03:47:00,SYN-04,24.99,55.74,49.14,0,0
2026-01-01 03:48:00,SYN-01,25.34,56.65,51.67,0,0
2026-01-01 03:49:00,SYN-02,23.44,55.47,50.8,0,0
2026-01-01 03:50:00,SYN-03,26.22,57.29,50.64,0,0
2026-01-01 03:51:00,SYN-04,24.21,54.65,50.92,0,0
2026-01-01 03:52:00,SYN-01,24.43,54.64,48.99,0,0
2026-01-01 03:53:00,SYN-02,25.27,55.78,48.15,0,0
2026-01-01 03:54:00,SYN-03,25.84,57.21,46.84,0,0
2026-01-01 03:55:00,SYN-04,24.85,56.14,51.52,0,0
2026-01-01 03:56:00,SYN-01,24.15,55.74,54.18,0,0
2026-01-01 03:57:00,SYN-02,25.06,55.97,47.22,0,0
2026-01-01 03:58:00,SYN-03,24.97,56.12,46.86,0,0
2026-01-01 03:59:00,SYN-04,26.21,58.49,47.01,0,0
2026-01-01 04:00:00,SYN-01,25.29,57.44,48.15,0,0
2026-01-01 04:01:00,SYN-02,25.06,55.94,47.46,0,0
2026-01-01 04:02:00,SYN-03,24.67,56.03,47.36,0,0
2026-01-01 04:03:00,SYN-04,24.13,56.9,50.98,0,0
2026-01-01 04:04:00,SYN-01,24.5,57.5,52.81,0,0
2026-01-01 04:05:00,SYN-02,24.71,58.2,48.7,0,0
2026-01-01 04:06:00,SYN-03,25.38,57.8,48.01,0,0
2026-01-01 04:07:00,SYN-04,25.06,56.31,48.99,0,0
2026-01-01 04:08:00,SYN-01,25.29,57.37,46.39,0,0
2026-01-01 04:09:00,SYN-02,24.89,57.41,48.07,0,0
2026-01-01 04:10:00,SYN-03,24.7,56.2,45.51,0,0
2026-01-01 04:11:00,SYN-04,24.18,57.39,50.31,0,0
2026-01-01 04:12:00,SYN-01,25.49,56.76,43.44,0,0
2026-01-01 04:13:00,SYN-02,25.01,59.02,50.24,0,0
2026-01-01 04:14:00,SYN-03,24.71,56.87,50.38,0,0
2026-01-01 04:15:00,SYN-04,23.83,55.51,52.21,0,0
2026-01-01 04:16:00,SYN-01,24.46,56.66,47.15,0,0
2026-01-01 04:17:00,SYN-02,24.51,57.39,48.29,0,0
2026-01-01 04:18:00,SYN-03,24.84,57.62,47.46,0,0
2026-01-01 04:19:00,SYN-04,24.26,57.42,51.7,0,0
2026-01-01 04:20:00,SYN-01,24.44,56.92,49.88,0,0
2026-01-01 04:21:00,SYN-02,24.06,55.82,50.99,0,0
2026-01-01 04:22:00,SYN-03,24.75,57.75,47.04,0,0
2026-01-01 04:23:00,SYN-04,24.51,57.17,48.73,0,0
2026-01-01 04:24:00,SYN-01,24.26,57.6,48.31,0,0
2026-01-01 04:25:00,SYN-02,25.55,58.52,46.5,0,0
2026-01-01 04:26:00,SYN-03,26.01,59.8,45.75,0,0
2026-01-01 04:27:00,SYN-04,24.54,56.99,48.81,0,0
2026-01-01 04:28:00,SYN-01,25.74,57.59,46.45,0,0
2026-01-01 04:29:00,SYN-02,24.27,56.96,47.03,0,0
2026-01-01 04:30:00,SYN-03,25.33,59.16,47.62,0,0
2026-01-01 04:31:00,SYN-04,24.52,58.41,47.41,0,0
2026-01-01 04:32:00,SYN-01,26.07,58.62,47.47,0,0
2026-01-01 04:33:00,SYN-02,24.2,56.61,47.6,0,0
2026-01-01 04:34:00,SYN-03,24.58,56.8,49.44,0,0
2026-01-01 04:35:00,SYN-04,24.56,58.1,46.95,0,0
2026-01-01 04:36:00,SYN-01,26.85,59.87,49.31,1,0
2026-01-01 04:37:00,SYN-02,25.7,58.61,45.77,0,0
2026-01-01 04:38:00,SYN-03,25.33,58.21,45.31,0,0
2026-01-01 04:39:00,SYN-04,25.62,58.57,46.37,0,0
2026-01-01 04:40:00,SYN-01,25.49,58.53,45.63,0,0
2026-01-01 04:41:00,SYN-02,24.58,57.12,49.05,0,0
2026-01-01 04:42:00,SYN-03,25.36,57.3,48.68,0,0
2026-01-01 04:43:00,SYN-04,24.07,56.45,46.37,0,0
2026-01-01 04:44:00,SYN-01,26.24,57.33,47.66,0,0
2026-01-01 04:45:00,SYN-02,26.11,59.8,47.78,1,0
2026-01-01 04:46:00,SYN-03,25.16,59.23,48.58,0,0
2026-01-01 04:47:00,SYN-04,23.59,55.92,42.51,0,0
2026-01-01 04:48:00,SYN-01,25.03,57.24,45.02,0,0
2026-01-01 04:49:00,SYN-02,24.51,56.82,47.89,0,0
2026-01-01 04:50:00,SYN-03,25.79,58.87,46.58,0,0
2026-01-01 04:51:00,SYN-04,24.96,57.65,48.08,0,0
2026-01-01 04:52:00,SYN-01,24.59,56.07,46.46,0,0
2026-01-01 04:53:00,SYN-02,24.16,57.84,49.0,0,0
2026-01-01 04:54:00,SYN-03,24.97,57.79,50.33,0,0
2026-01-01 04:55:00,SYN-04,25.06,59.49,47.45,0,0
2026-01-01 04:56:00,SYN-01,24.77,57.88,42.5,0,0
2026-01-01 04:57:00,SYN-02,25.3,58.37,50.9,0,0
2026-01-01 04:58:00,SYN-03,24.71,56.91,45.95,0,0
2026-01-01 04:59:00,SYN-04,24.86,57.22,46.24,0,0
2026-01-01 05:00:00,SYN-01,25.59,57.97,47.24,0,0
2026-01-01 05:01:00,SYN-02,25.08,56.99,44.81,0,0
2026-01-01 05:02:00,SYN-03,24.53,56.8,48.66,0,0
2026-01-01 05:03:00,SYN-04,26.17,56.84,44.78,0,0
2026-01-01 05:04:00,SYN-01,25.08,58.18,47.6,0,0
2026-01-01 05:05:00,SYN-02,25.93,58.96,52.79,0,0
2026-01-01 05:06:00,SYN-03,24.29,56.28,47.4,0,0
2026-01-01 05:07:00,SYN-04,25.76,57.77,45.61,0,0
2026-01-01 05:08:00,SYN-01,25.7,56.52,48.38,0,0
2026-01-01 05:09:00,SYN-02,25.82,56.77,42.87,0,0
2026-01-01 05:10:00,SYN-03,24.78,57.39,45.49,0,0
2026-01-01 05:11:00,SYN-04,24.87,57.17,47.92,0,0
2026-01-01 05:12:00,SYN-01,26.06,57.28,44.15,0,0
2026-01-01 05:13:00,SYN-02,26.39,58.32,50.93,0,0
2026-01-01 05:14:00,SYN-03,26.13,58.22,48.17,0,0
2026-01-01 05:15:00,SYN-04,25.48,56.49,48.54,0,0
2026-01-01 05:16:00,SYN-01,24.65,56.36,47.36,0,0
2026-01-01 05:17:00,SYN-02,25.05,55.6,47.05,0,0
2026-01-01 05:18:00,SYN-03,25.43,56.43,45.75,0,0
2026-01-01 05:19:00,SYN-04,25.59,55.52,46.91,0,0
2026-01-01 05:20:00,SYN-01,25.22,56.7,44.99,0,0
2026-01-01 05:21:00,SYN-02,23.79,55.55,43.25,0,0
2026-01-01 05:22:00,SYN-03,25.5,57.37,47.24,0,0
2026-01-01 05:23:00,SYN-04,23.25,55.11,48.11,0,0
2026-01-01 05:24:00,SYN-01,26.08,56.64,47.45,0,0
2026-01-01 05:25:00,SYN-02,24.32,54.85,47.33,0,0
2026-01-01 05:26:00,SYN-03,25.78,56.97,47.18,0,0
2026-01-01 05:27:00,SYN-04,24.55,56.7,45.19,0,0
2026-01-01 05:28:00,SYN-01,25.35,56.21,47.58,0,0
2026-01-01 05:29:00,SYN-02,24.62,57.15,42.94,0,0
2026-01-01 05:30:00,SYN-03,24.76,55.85,44.56,0,0
2026-01-01 05:31:00,SYN-04,25.14,57.99,46.06,0,0
2026-01-01 05:32:00,SYN-01,25.41,57.94,46.13,0,0
2026-01-01 05:33:00,SYN-02,25.51,55.97,43.45,0,0
2026-01-01 05:34:00,SYN-03,24.93,55.72,42.22,0,0
2026-01-01 05:35:00,SYN-04,24.89,54.22,46.0,0,0
2026-01-01 05:36:00,SYN-01,24.26,54.59,44.91,0,0
2026-01-01 05:37:00,SYN-02,24.78,55.59,44.93,0,0
2026-01-01 05:38:00,SYN-03,25.03,56.41,45.92,0,0
2026-01-01 05:39:00,SYN-04,25.71,56.5,44.56,0,0
2026-01-01 05:40:00,SYN-01,25.19,56.35,43.9,0,0
2026-01-01 05:41:00,SYN-02,24.78,56.89,44.87,0,0
2026-01-01 05:42:00,SYN-03,25.83,56.03,43.6,0,0
2026-01-01 05:43:00,SYN-04,24.84,55.15,46.0,0,0
2026-01-01 05:44:00,SYN-01,25.54,56.18,46.99,0,0
2026-01-01 05:45:00,SYN-02,25.42,55.41,45.01,0,0
2026-01-01 05:46:00,SYN-03,25.14,55.98,43.23,0,0
2026-01-01 05:47:00,SYN-04,25.71,55.47,47.94,0,0
2026-01-01 05:48:00,SYN-01,26.27,56.47,42.3,0,0
2026-01-01 05:49:00,SYN-02,25.13,54.79,43.79,0,0
2026-01-01 05:50:00,SYN-03,26.33,56.18,43.72,0,0
2026-01-01 05:51:00,SYN-04,24.94,56.1,42.69,0,0
2026-01-01 05:52:00,SYN-01,25.23,54.92,43.88,0,0
2026-01-01 05:53:00,SYN-02,25.69,56.06,41.49,0,0
2026-01-01 05:54:00,SYN-03,26.28,57.17,47.2,0,0
2026-01-01 05:55:00,SYN-04,24.96,55.06,47.73,0,0
2026-01-01 05:56:00,SYN-01,24.62,55.0,44.8,0,0
2026-01-01 05:57:00,SYN-02,25.87,57.28,48.72,0,0
2026-01-01 05:58:00,SYN-03,25.58,53.99,43.05,0,0
2026-01-01 05:59:00,SYN-04,24.62,54.57,42.19,0,0
2026-01-01 06:00:00,SYN-01,25.79,56.26,45.59,0,0
2026-01-01 06:01:00,SYN-02,26.02,55.73,46.04,0,0
2026-01-01 06:02:00,SYN-03,26.17,57.0,42.57,0,0
2026-01-01 06:03:00,SYN-04,27.37,57.1,42.97,0,0
2026-01-01 06:04:00,SYN-01,24.3,54.9,40.89,0,0
2026-01-01 06:05:00,SYN-02,23.52,53.76,45.44,0,0
2026-01-01 06:06:00,SYN-03,25.83,56.71,43.73,0,0
2026-01-01 06:07:00,SYN-04,26.2,55.09,41.68,0,0
2026-01-01 06:08:00,SYN-01,24.96,53.84,43.49,0,0
2026-01-01 06:09:00,SYN-02,25.37,55.43,47.33,0,0
2026-01-01 06:10:00,SYN-03,25.96,55.58,47.92,0,0
2026-01-01 06:11:00,SYN-04,25.86,55.52,43.64,0,0
2026-01-01 06:12:00,SYN-01,25.93,57.04,46.67,0,0
2026-01-01 06:13:00,SYN-02,25.85,55.67,43.01,0,0
2026-01-01 06:14:00,SYN-03,25.52,54.74,43.11,0,0
2026-01-01 06:15:00,SYN-04,25.54,55.52,43.86,0,0
2026-01-01 06:16:00,SYN-01,26.1,54.39,46.29,0,0
2026-01-01 06:17:00,SYN-02,24.58,53.14,40.13,0,0
2026-01-01 06:18:00,SYN-03,24.47,54.13,42.53,0,0
2026-01-01 06:19:00,SYN-04,25.34,55.19,47.29,0,0
2026-01-01 06:20:00,SYN-01,26.21,54.68,41.67,0,0
2026-01-01 06:21:00,SYN-02,25.62,55.32,43.17,0,0
2026-01-01 06:22:00,SYN-03,26.1,56.46,42.83,0,0
2026-01-01 06:23:00,SYN-04,23.89,52.84,48.39,0,0
2026-01-01 06:24:00,SYN-01,24.61,53.81,45.12,0,0
2026-01-01 06:25:00,SYN-02,24.35,52.3,41.42,0,0
2026-01-01 06:26:00,SYN-03,25.35,54.5,44.09,0,0
2026-01-01 06:27:00,SYN-04,26.34,55.47,41.78,0,0
2026-01-01 06:28:00,SYN-01,26.23,56.2,41.21,0,0
2026-01-01 06:29:00,SYN-02,25.31,53.91,43.36,0,0
2026-01-01 06:30:00,SYN-03,25.3,53.84,44.27,0,0
2026-01-01 06:31:00,SYN-04,26.81,55.81,42.97,0,0
2026-01-01 06:32:00,SYN-01,26.32,56.09,46.42,0,0
2026-01-01 06:33:00,SYN-02,24.88,52.82,42.02,0,0
2026-01-01 06:34:00,SYN-03,26.23,55.47,40.32,0,0
2026-01-01 06:35:00,SYN-04,25.45,54.89,40.14,0,0
2026-01-01 06:36:00,SYN-01,25.97,55.07,42.64,0,0
2026-01-01 06:37:00,SYN-02,26.45,54.62,42.44,0,0
2026-01-01 06:38:00,SYN-03,24.56,53.76,44.96,0,0
2026-01-01 06:39:00,SYN-04,24.91,54.37,39.89,0,0
2026-01-01 06:40:00,SYN-01,27.61,57.13,41.88,0,0
2026-01-01 06:41:00,SYN-02,25.74,55.42,40.14,0,0
2026-01-01 06:42:00,SYN-03,25.18,53.37,42.62,0,0
2026-01-01 06:43:00,SYN-04,23.96,53.75,44.25,0,0
2026-01-01 06:44:00,SYN-01,24.84,53.84,41.15,0,0
2026-01-01 06:45:00,SYN-02,25.68,55.49,43.22,0,0
2026-01-01 06:46:00,SYN-03,25.57,55.31,40.71,0,0
2026-01-01 06:47:00,SYN-04,26.82,56.32,38.08,0,0
2026-01-01 06:48:00,SYN-01,25.02,53.76,39.97,0,0
2026-01-01 06:49:00,SYN-02,26.12,55.3,40.67,0,0
2026-01-01 06:50:00,SYN-03,25.05,54.78,43.26,0,0
2026-01-01 06:51:00,SYN-04,24.17,53.8,40.66,0,0
2026-01-01 06:52:00,SYN-01,24.56,54.63,39.45,0,0
2026-01-01 06:53:00,SYN-02,25.03,54.89,40.83,0,0
2026-01-01 06:54:00,SYN-03,25.04,54.34,40.4,0,0
2026-01-01 06:55:00,SYN-04,25.32,55.09,40.99,0,0
2026-01-01 06:56:00,SYN-01,25.45,54.54,46.16,0,0
2026-01-01 06:57:00,SYN-02,27.19,57.01,41.45,0,0
2026-01-01 06:58:00,SYN-03,26.17,57.29,43.65,0,0
2026-01-01 06:59:00,SYN-04,25.33,55.33,42.66,0,0
2026-01-01 07:00:00,SYN-01,25.55,55.45,45.06,0,0
2026-01-01 07:01:00,SYN-02,24.57,54.94,41.75,0,0
2026-01-01 07:02:00,SYN-03,26.13,55.85,40.25,0,0
2026-01-01 07:03:00,SYN-04,24.78,54.23,42.37,0,0
2026-01-01 07:04:00,SYN-01,25.87,56.56,43.6,0,0
2026-01-01 07:05:00,SYN-02,25.6,56.57,43.12,0,0
2026-01-01 07:06:00,SYN-03,25.37,55.42,43.67,0,0
2026-01-01 07:07:00,SYN-04,25.72,54.17,40.43,0,0
2026-01-01 07:08:00,SYN-01,26.01,56.34,41.39,0,0
2026-01-01 07:09:00,SYN-02,25.14,55.94,42.38,0,0
2026-01-01 07:10:00,SYN-03,26.1,55.6,41.72,0,0
2026-01-01 07:11:00,SYN-04,25.48,55.41,43.7,0,0
2026-01-01 07:12:00,SYN-01,25.69,56.78,40.03,0,0
2026-01-01 07:13:00,SYN-02,26.23,57.7,43.94,0,0
2026-01-01 07:14:00,SYN-03,24.56,55.01,41.0,0,0
2026-01-01 07:15:00,SYN-04,26.22,57.55,42.09,0,0
2026-01-01 07:16:00,SYN-01,26.29,56.62,43.84,0,0
2026-01-01 07:17:00,SYN-02,26.33,57.29,39.69,0,0
2026-01-01 07:18:00,SYN-03,24.5,54.64,40.74,0,0
2026-01-01 07:19:00,SYN-04,25.65,56.63,41.49,0,0
2026-01-01 07:20:00,SYN-01,26.05,57.28,41.88,0,0
2026-01-01 07:21:00,SYN-02,24.74,56.47,40.61,0,0
2026-01-01 07:22:00,SYN-03,26.53,57.27,42.59,0,0
2026-01-01 07:23:00,SYN-04,24.8,55.17,42.99,0,0
2026-01-01 07:24:00,SYN-01,24.99,56.6,41.71,0,0
2026-01-01 07:25:00,SYN-02,24.87,56.3,37.95,0,0
2026-01-01 07:26:00,SYN-03,25.72,56.57,40.82,0,0
2026-01-01 07:27:00,SYN-04,25.55,55.18,39.37,0,0
2026-01-01 07:28:00,SYN-01,25.76,57.52,40.81,0,0
2026-01-01 07:29:00,SYN-02,25.29,55.87,43.99,0,0
2026-01-01 07:30:00,SYN-03,24.19,53.78,41.48,0,0
2026-01-01 07:31:00,SYN-04,25.42,57.46,43.15,0,0
2026-01-01 07:32:00,SYN-01,25.13,56.17,39.44,0,0
2026-01-01 07:33:00,SYN-02,26.04,57.68,45.61,0,0
2026-01-01 07:34:00,SYN-03,25.14,56.5,37.57,0,0
2026-01-01 07:35:00,SYN-04,24.96,56.96,41.53,0,0
2026-01-01 07:36:00,SYN-01,25.56,57.14,42.56,0,0
2026-01-01 07:37:00,SYN-02,24.2,55.26,42.96,0,0
2026-01-01 07:38:00,SYN-03,25.1,56.84,41.41,0,0
2026-01-01 07:39:00,SYN-04,25.29,56.95,42.46,0,0
2026-01-01 07:40:00,SYN-01,25.12,58.04,36.2,0,0
2026-01-01 07:41:00,SYN-02,24.95,56.13,40.04,0,0
2026-01-01 07:42:00,SYN-03,25.25,57.39,39.72,0,0
2026-01-01 07:43:00,SYN-04,26.99,60.44,40.5,1,1
2026-01-01 07:44:00,SYN-01,25.62,57.52,41.9,0,0
2026-01-01 07:45:00,SYN-02,25.99,57.39,44.25,0,0
2026-01-01 07:46:00,SYN-03,26.15,58.36,43.71,0,0
2026-01-01 07:47:00,SYN-04,25.95,58.54,38.43,0,0
2026-01-01 07:48:00,SYN-01,24.48,54.91,39.45,0,0
2026-01-01 07:49:00,SYN-02,26.1,57.52,41.33,0,0
2026-01-01 07:50:00,SYN-03,25.77,57.46,42.28,0,0
2026-01-01 07:51:00,SYN-04,24.26,55.89,41.13,0,0
2026-01-01 07:52:00,SYN-01,26.05,57.43,42.52,0,0
2026-01-01 07:53:00,SYN-02,26.82,60.82,42.75,1,1
2026-01-01 07:54:00,SYN-03,26.1,58.59,41.47,0,0
2026-01-01 07:55:00,SYN-04,25.09,57.1,43.09,0,0
2026-01-01 07:56:00,SYN-01,25.91,58.65,39.11,0,0
2026-01-01 07:57:00,SYN-02,25.24,57.93,39.63,0,0
2026-01-01 07:58:00,SYN-03,26.12,58.77,38.6,0,0
2026-01-01 07:59:00,SYN-04,26.2,59.56,37.79,0,0
2026-01-01 08:00:00,SYN-01,24.27,57.01,39.96,0,0
2026-01-01 08:01:00,SYN-02,25.17,58.36,39.17,0,0
2026-01-01 08:02:00,SYN-03,24.4,58.02,43.35,0,0
2026-01-01 08:03:00,SYN-04,26.47,60.73,43.27,1,1
2026-01-01 08:04:00,SYN-01,25.64,57.19,42.55,0,0
2026-01-01 08:05:00,SYN-02,26.29,57.8,40.39,0,0
2026-01-01 08:06:00,SYN-03,25.87,58.04,39.39,0,0
2026-01-01 08:07:00,SYN-04,26.2,57.81,38.8,0,0
2026-01-01 08:08:00,SYN-01,26.18,59.23,45.3,0,0
2026-01-01 08:09:00,SYN-02,26.29,58.52,39.29,0,0
2026-01-01 08:10:00,SYN-03,25.27,58.27,43.82,0,0
2026-01-01 08:11:00,SYN-04,25.22,59.29,34.65,0,0
2026-01-01 08:12:00,SYN-01,25.31,58.2,39.03,0,0
2026-01-01 08:13:00,SYN-02,25.6,58.77,39.42,0,0
2026-01-01 08:14:00,SYN-03,25.48,58.66,39.79,0,0
2026-01-01 08:15:00,SYN-04,26.03,58.17,42.85,0,0
2026-01-01 08:16:00,SYN-01,25.15,58.04,40.08,0,0
2026-01-01 08:17:00,SYN-02,25.35,58.9,41.78,0,0
2026-01-01 08:18:00,SYN-03,25.33,57.22,40.83,0,0
2026-01-01 08:19:00,SYN-04,24.57,56.88,41.55,0,0
2026-01-01 08:20:00,SYN-01,26.13,56.99,38.8,0,0
2026-01-01 08:21:00,SYN-02,26.75,60.43,43.04,1,1
2026-01-01 08:22:00,SYN-03,24.23,57.85,40.02,0,0
2026-01-01 08:23:00,SYN-04,24.8,58.65,39.73,0,0
2026-01-01 08:24:00,SYN-01,25.42,59.44,42.48,0,0
2026-01-01 08:25:00,SYN-02,26.06,59.2,38.68,0,0
2026-01-01 08:26:00,SYN-03,25.17,58.32,38.54,0,0
2026-01-01 08:27:00,SYN-04,25.86,57.94,41.78,0,0
2026-01-01 08:28:00,SYN-01,25.29,57.85,41.5,0,0
2026-01-01 08:29:00,SYN-02,24.86,57.65,38.05,0,0
2026-01-01 08:30:00,SYN-03,25.5,59.34,41.57,0,0
2026-01-01 08:31:00,SYN-04,25.02,56.76,39.44,0,0
2026-01-01 08:32:00,SYN-01,24.58,57.26,39.98,0,0
2026-01-01 08:33:00,SYN-02,24.96,58.72,39.97,0,0
2026-01-01 08:34:00,SYN-03,26.24,59.11,40.11,0,0
2026-01-01 08:35:00,SYN-04,25.2,57.89,37.29,0,0
2026-01-01 08:36:00,SYN-01,24.14,55.34,38.34,0,0
2026-01-01 08:37:00,SYN-02,24.96,58.48,38.71,0,0
2026-01-01 08:38:00,SYN-03,24.88,57.07,40.3,0,0
2026-01-01 08:39:00,SYN-04,26.84,60.3,43.11,1,1
2026-01-01 08:40:00,SYN-01,25.41,57.5,37.07,0,0
2026-01-01 08:41:00,SYN-02,25.09,57.96,43.6,0,0
2026-01-01 08:42:00,SYN-03,26.5,59.01,40.36,0,0
2026-01-01 08:43:00,SYN-04,25.54,58.62,40.7,0,0
2026-01-01 08:44:00,SYN-01,25.07,58.07,37.68,0,0
2026-01-01 08:45:00,SYN-02,25.5,57.36,42.3,0,0
2026-01-01 08:46:00,SYN-03,25.57,58.88,37.62,0,0
2026-01-01 08:47:00,SYN-04,24.81,56.01,40.13,0,0
2026-01-01 08:48:00,SYN-01,26.0,60.24,36.97,1,1
2026-01-01 08:49:00,SYN-02,25.2,58.26,42.1,0,0
2026-01-01 08:50:00,SYN-03,24.69,57.39,37.82,0,0
2026-01-01 08:51:00,SYN-04,24.87,55.92,41.23,0,0
2026-01-01 08:52:00,SYN-01,25.47,57.65,42.23,0,0
2026-01-01 08:53:00,SYN-02,25.54,58.9,40.05,0,0
2026-01-01 08:54:00,SYN-03,25.75,57.66,43.58,0,0
2026-01-01 08:55:00,SYN-04,24.68,56.77,36.28,0,0
2026-01-01 08:56:00,SYN-01,24.68,56.63,40.41,0,0
2026-01-01 08:57:00,SYN-02,25.18,57.3,41.53,0,0
2026-01-01 08:58:00,SYN-03,24.87,57.15,41.8,0,0
2026-01-01 08:59:00,SYN-04,24.78,56.24,40.18,0,0
2026-01-01 09:00:00,SYN-01,25.76,57.63,38.55,0,0
2026-01-01 09:01:00,SYN-02,25.81,57.65,42.57,0,0
2026-01-01 09:02:00,SYN-03,26.38,57.69,38.57,0,0
2026-01-01 09:03:00,SYN-04,25.28,56.59,39.25,0,0
2026-01-01 09:04:00,SYN-01,25.25,56.19,37.2,0,0
2026-01-01 09:05:00,SYN-02,25.12,57.17,38.52,0,0
2026-01-01 09:06:00,SYN-03,24.78,56.64,41.34,0,0
2026-01-01 09:07:00,SYN-04,25.39,55.61,43.55,0,0
2026-01-01 09:08:00,SYN-01,25.32,56.82,38.45,0,0
2026-01-01 09:09:00,SYN-02,24.72,55.67,39.84,0,0
2026-01-01 09:10:00,SYN-03,25.23,56.08,41.91,0,0
2026-01-01 09:11:00,SYN-04,24.63,55.6,40.08,0,0
2026-01-01 09:12:00,SYN-01,25.25,56.97,38.44,0,0
2026-01-01 09:13:00,SYN-02,25.48,56.42,41.95,0,0
2026-01-01 09:14:00,SYN-03,25.94,56.99,39.08,0,0
2026-01-01 09:15:00,SYN-04,24.68,55.73,40.7,0,0
2026-01-01 09:16:00,SYN-01,24.72,56.46,37.98,0,0
2026-01-01 09:17:00,SYN-02,24.44,55.27,39.77,0,0
2026-01-01 09:18:00,SYN-03,25.5,54.98,39.38,0,0
2026-01-01 09:19:00,SYN-04,25.69,55.28,40.52,0,0
2026-01-01 09:20:00,SYN-01,23.51,53.75,38.07,0,0
2026-01-01 09:21:00,SYN-02,25.8,56.66,38.83,0,0
2026-01-01 09:22:00,SYN-03,26.43,57.89,35.1,0,0
2026-01-01 09:23:00,SYN-04,25.57,55.69,39.13,0,0
2026-01-01 09:24:00,SYN-01,24.66,53.75,35.16,0,0
2026-01-01 09:25:00,SYN-02,25.11,56.44,40.39,0,0
2026-01-01 09:26:00,SYN-03,23.42,54.73,41.56,0,0
2026-01-01 09:27:00,SYN-04,25.61,55.31,36.66,0,0
2026-01-01 09:28:00,SYN-01,25.0,55.71,41.12,0,0
2026-01-01 09:29:00,SYN-02,24.42,54.9,39.86,0,0
2026-01-01 09:30:00,SYN-03,25.2,55.82,37.75,0,0
2026-01-01 09:31:00,SYN-04,25.35,55.21,40.79,0,0
2026-01-01 09:32:00,SYN-01,25.34,54.92,42.12,0,0
2026-01-01 09:33:00,SYN-02,25.44,56.05,42.03,0,0
2026-01-01 09:34:00,SYN-03,24.57,53.27,39.54,0,0
2026-01-01 09:35:00,SYN-04,26.43,56.49,39.98,0,0
2026-01-01 09:36:00,SYN-01,25.73,55.84,35.08,0,0
2026-01-01 09:37:00,SYN-02,26.06,55.75,38.61,0,0
2026-01-01 09:38:00,SYN-03,24.67,54.96,44.32,0,0
2026-01-01 09:39:00,SYN-04,25.81,55.07,38.06,0,0
2026-01-01 09:40:00,SYN-01,25.52,55.25,35.81,0,0
2026-01-01 09:41:00,SYN-02,24.15,53.93,42.79,0,0
2026-01-01 09:42:00,SYN-03,25.78,56.57,38.28,0,0
2026-01-01 09:43:00,SYN-04,25.25,55.5,40.84,0,0
2026-01-01 09:44:00,SYN-01,23.71,52.62,40.35,0,0
2026-01-01 09:45:00,SYN-02,24.61,54.62,42.44,0,0
2026-01-01 09:46:00,SYN-03,25.1,55.48,37.87,0,0
2026-01-01 09:47:00,SYN-04,23.92,55.21,36.43,0,0
2026-01-01 09:48:00,SYN-01,25.13,55.11,37.58,0,0
2026-01-01 09:49:00,SYN-02,25.21,55.56,39.55,0,0
2026-01-01 09:50:00,SYN-03,24.87,55.25,42.79,0,0
2026-01-01 09:51:00,SYN-04,26.4,56.17,40.45,0,0
2026-01-01 09:52:00,SYN-01,25.13,56.4,41.12,0,0
2026-01-01 09:53:00,SYN-02,26.03,56.35,40.44,0,0
2026-01-01 09:54:00,SYN-03,25.61,54.38,37.92,0,0
2026-01-01 09:55:00,SYN-04,24.19,52.39,37.22,0,0
2026-01-01 09:56:00,SYN-01,24.14,53.93,36.77,0,0
2026-01-01 09:57:00,SYN-02,24.83,55.79,39.1,0,0
2026-01-01 09:58:00,SYN-03,24.17,52.71,39.52,0,0
2026-01-01 09:59:00,SYN-04,25.48,52.79,37.5,0,0
2026-01-01 10:00:00,SYN-01,25.92,56.09,39.42,0,0
2026-01-01 10:01:00,SYN-02,24.64,53.34,39.44,0,0
2026-01-01 10:02:00,SYN-03,25.44,55.78,40.49,0,0
2026-01-01 10:03:00,SYN-04,25.49,55.26,39.49,0,0
2026-01-01 10:04:00,SYN-01,25.0,54.36,42.37,0,0
2026-01-01 10:05:00,SYN-02,25.58,54.94,42.21,0,0
2026-01-01 10:06:00,SYN-03,24.71,52.75,39.51,0,0
2026-01-01 10:07:00,SYN-04,25.0,54.12,41.49,0,0
2026-01-01 10:08:00,SYN-01,24.22,54.3,40.73,0,0
2026-01-01 10:09:00,SYN-02,24.87,55.65,39.88,0,0
2026-01-01 10:10:00,SYN-03,24.53,54.11,40.14,0,0
2026-01-01 10:11:00,SYN-04,26.74,57.6,37.4,0,0
2026-01-01 10:12:00,SYN-01,23.69,52.9,39.52,0,0
2026-01-01 10:13:00,SYN-02,25.63,54.83,40.64,0,0
2026-01-01 10:14:00,SYN-03,24.84,55.08,44.89,0,0
2026-01-01 10:15:00,SYN-04,24.79,54.18,35.95,0,0
2026-01-01 10:16:00,SYN-01,24.97,53.61,42.04,0,0
2026-01-01 10:17:00,SYN-02,24.68,55.19,42.58,0,0
2026-01-01 10:18:00,SYN-03,24.48,53.46,40.42,0,0
2026-01-01 10:19:00,SYN-04,25.46,53.52,39.57,0,0
2026-01-01 10:20:00,SYN-01,24.1,53.98,44.57,0,0
2026-01-01 10:21:00,SYN-02,25.44,53.04,39.33,0,0
2026-01-01 10:22:00,SYN-03,23.96,53.54,39.3,0,0
2026-01-01 10:23:00,SYN-04,24.11,54.32,40.32,0,0
2026-01-01 10:24:00,SYN-01,24.96,53.78,38.77,0,0
2026-01-01 10:25:00,SYN-02,24.21,54.61,44.49,0,0
2026-01-01 10:26:00,SYN-03,24.51,54.53,42.51,0,0
2026-01-01 10:27:00,SYN-04,23.69,51.99,39.14,0,0
2026-01-01 10:28:00,SYN-01,26.08,56.25,43.92,0,0
2026-01-01 10:29:00,SYN-02,24.9,53.57,41.56,0,0
2026-01-01 10:30:00,SYN-03,25.5,54.9,37.24,0,0
2026-01-01 10:31:00,SYN-04,24.36,54.21,40.91,0,0
2026-01-01 10:32:00,SYN-01,24.91,54.56,42.05,0,0
2026-01-01 10:33:00,SYN-02,24.91,52.75,39.11,0,0
2026-01-01 10:34:00,SYN-03,25.06,56.14,43.58,0,0
2026-01-01 10:35:00,SYN-04,24.4,53.41,41.28,0,0
2026-01-01 10:36:00,SYN-01,25.29,54.19,43.37,0,0
2026-01-01 10:37:00,SYN-02,25.35,55.37,40.29,0,0
2026-01-01 10:38:00,SYN-03,24.42,55.04,40.45,0,0
2026-01-01 10:39:00,SYN-04,24.74,54.09,35.91,0,0
2026-01-01 10:40:00,SYN-01,24.62,54.04,38.72,0,0
2026-01-01 10:41:00,SYN-02,24.5,53.27,43.04,0,0
2026-01-01 10:42:00,SYN-03,25.18,54.82,41.87,0,0
2026-01-01 10:43:00,SYN-04,24.95,54.09,41.31,0,0
2026-01-01 10:44:00,SYN-01,25.05,55.73,39.88,0,0
2026-01-01 10:45:00,SYN-02,24.68,53.63,42.81,0,0
2026-01-01 10:46:00,SYN-03,25.63,56.66,41.88,0,0
2026-01-01 10:47:00,SYN-04,24.09,53.5,38.7,0,0
2026-01-01 10:48:00,SYN-01,25.18,53.62,41.82,0,0
2026-01-01 10:49:00,SYN-02,25.02,55.05,38.51,0,0
2026-01-01 10:50:00,SYN-03,23.55,52.3,42.6,0,0
2026-01-01 10:51:00,SYN-04,25.02,54.81,43.32,0,0
2026-01-01 10:52:00,SYN-01,25.18,55.91,43.92,0,0
2026-01-01 10:53:00,SYN-02,26.11,55.81,38.8,0,0
2026-01-01 10:54:00,SYN-03,24.83,54.55,42.02,0,0
2026-01-01 10:55:00,SYN-04,24.53,54.77,40.45,0,0
2026-01-01 10:56:00,SYN-01,24.38,55.19,39.77,0,0
2026-01-01 10:57:00,SYN-02,23.91,54.4,43.02,0,0
2026-01-01 10:58:00,SYN-03,25.99,55.64,42.04,0,0
2026-01-01 10:59:00,SYN-04,24.97,56.24,43.56,0,0
2026-01-01 11:00:00,SYN-01,24.72,55.29,42.52,0,0
2026-01-01 11:01:00,SYN-02,25.66,56.21,42.21,0,0
2026-01-01 11:02:00,SYN-03,24.78,56.3,41.08,0,0
2026-01-01 11:03:00,SYN-04,25.55,56.3,42.27,0,0
2026-01-01 11:04:00,SYN-01,24.38,55.99,41.76,0,0
2026-01-01 11:05:00,SYN-02,23.64,54.11,44.7,0,0
2026-01-01 11:06:00,SYN-03,24.58,54.85,43.27,0,0
2026-01-01 11:07:00,SYN-04,23.43,55.42,42.8,0,0
2026-01-01 11:08:00,SYN-01,25.52,56.28,41.83,0,0
2026-01-01 11:09:00,SYN-02,24.61,56.21,39.14,0,0
2026-01-01 11:10:00,SYN-03,24.83,55.95,40.96,0,0
2026-01-01 11:11:00,SYN-04,22.79,53.36,44.67,0,0
2026-01-01 11:12:00,SYN-01,25.47,56.43,39.12,0,0
2026-01-01 11:13:00,SYN-02,24.85,56.73,37.61,0,0
2026-01-01 11:14:00,SYN-03,25.19,55.72,42.02,0,0
2026-01-01 11:15:00,SYN-04,25.48,57.22,37.71,0,0
2026-01-01 11:16:00,SYN-01,24.17,56.67,39.9,0,0
2026-01-01 11:17:00,SYN-02,25.81,57.89,42.88,0,0
2026-01-01 11:18:00,SYN-03,26.11,57.04,46.66,0,0
2026-01-01 11:19:00,SYN-04,24.07,55.16,41.58,0,0
2026-01-01 11:20:00,SYN-01,25.58,57.1,41.58,0,0
2026-01-01 11:21:00,SYN-02,25.18,56.41,43.85,0,0
2026-01-01 11:22:00,SYN-03,24.15,54.47,43.53,0,0
2026-01-01 11:23:00,SYN-04,25.27,56.7,44.58,0,0
2026-01-01 11:24:00,SYN-01,25.03,56.63,44.11,0,0
2026-01-01 11:25:00,SYN-02,25.52,58.84,42.16,0,0
2026-01-01 11:26:00,SYN-03,24.57,56.27,45.0,0,0
2026-01-01 11:27:00,SYN-04,24.6,56.32,42.1,0,0
2026-01-01 11:28:00,SYN-01,25.3,58.9,40.49,0,0
2026-01-01 11:29:00,SYN-02,25.88,57.55,43.77,0,0
2026-01-01 11:30:00,SYN-03,23.93,55.3,41.6,0,0
2026-01-01 11:31:00,SYN-04,25.01,57.29,43.32,0,0
2026-01-01 11:32:00,SYN-01,24.45,56.79,36.84,0,0
2026-01-01 11:33:00,SYN-02,23.47,55.34,43.8,0,0
2026-01-01 11:34:00,SYN-03,24.34,56.96,41.18,0,0
2026-01-01 11:35:00,SYN-04,24.6,57.97,42.4,0,0
2026-01-01 11:36:00,SYN-01,25.47,59.2,43.01,0,0
2026-01-01 11:37:00,SYN-02,24.9,56.75,40.8,0,0
2026-01-01 11:38:00,SYN-03,25.08,58.18,41.17,0,0
2026-01-01 11:39:00,SYN-04,23.58,56.26,42.92,0,0
2026-01-01 11:40:00,SYN-01,24.47,57.36,43.55,0,0
2026-01-01 11:41:00,SYN-02,26.13,58.66,39.27,0,0
2026-01-01 11:42:00,SYN-03,24.41,56.7,43.67,0,0
2026-01-01 11:43:00,SYN-04,24.67,59.28,43.18,0,0
2026-01-01 11:44:00,SYN-01,24.2,58.56,43.93,0,0
2026-01-01 11:45:00,SYN-02,24.75,57.15,42.61,0,0
2026-01-01 11:46:00,SYN-03,24.32,56.68,44.38,0,0
2026-01-01 11:47:00,SYN-04,24.58,56.33,41.94,0,0
2026-01-01 11:48:00,SYN-01,23.0,56.04,44.12,0,0
2026-01-01 11:49:00,SYN-02,24.87,57.29,44.8,0,0
2026-01-01 11:50:00,SYN-03,24.3,56.74,38.57,0,0
2026-01-01 11:51:00,SYN-04,23.86,57.5,44.57,0,0
2026-01-01 11:52:00,SYN-01,25.46,58.7,43.34,0,0
2026-01-01 11:53:00,SYN-02,24.15,57.28,41.96,0,0
2026-01-01 11:54:00,SYN-03,24.98,57.44,42.8,0,0
2026-01-01 11:55:00,SYN-04,24.44,57.0,42.83,0,0
2026-01-01 11:56:00,SYN-01,24.67,57.42,43.51,0,0
2026-01-01 11:57:00,SYN-02,24.94,57.26,41.39,0,0
2026-01-01 11:58:00,SYN-03,25.04,56.91,43.22,0,0
2026-01-01 11:59:00,SYN-04,24.98,57.79,41.86,0,0
2026-01-01 12:00:00,SYN-01,24.15,57.25,45.32,0,0
2026-01-01 12:01:00,SYN-02,23.56,56.11,44.2,0,0
2026-01-01 12:02:00,SYN-03,24.71,57.93,42.3,0,0
2026-01-01 12:03:00,SYN-04,23.23,56.44,42.98,0,0
2026-01-01 12:04:00,SYN-01,23.83,57.16,39.74,0,0
2026-01-01 12:05:00,SYN-02,25.28,58.77,43.88,0,0
2026-01-01 12:06:00,SYN-03,24.66,57.53,44.47,0,0
2026-01-01 12:07:00,SYN-04,24.02,55.92,40.75,0,0
2026-01-01 12:08:00,SYN-01,25.41,57.62,44.46,0,0
2026-01-01 12:09:00,SYN-02,24.91,57.82,42.83,0,0
2026-01-01 12:10:00,SYN-03,23.86,57.61,42.5,0,0
2026-01-01 12:11:00,SYN-04,22.82,55.31,42.19,0,0
2026-01-01 12:12:00,SYN-01,23.8,56.42,43.26,0,0
2026-01-01 12:13:00,SYN-02,24.1,56.57,43.72,0,0
2026-01-01 12:14:00,SYN-03,24.05,55.76,43.85,0,0
2026-01-01 12:15:00,SYN-04,23.64,55.97,43.72,0,0
2026-01-01 12:16:00,SYN-01,23.65,57.39,44.68,0,0
2026-01-01 12:17:00,SYN-02,23.54,55.51,42.54,0,0
2026-01-01 12:18:00,SYN-03,24.32,56.79,43.9,0,0
2026-01-01 12:19:00,SYN-04,25.25,58.17,43.98,0,0
2026-01-01 12:20:00,SYN-01,24.36,57.51,45.86,0,0
2026-01-01 12:21:00,SYN-02,24.67,58.18,42.0,0,0
2026-01-01 12:22:00,SYN-03,23.54,56.95,42.68,0,0
2026-01-01 12:23:00,SYN-04,23.57,55.45,43.64,0,0
2026-01-01 12:24:00,SYN-01,25.69,58.23,44.07,0,0
2026-01-01 12:25:00,SYN-02,24.69,58.09,45.99,0,0
2026-01-01 12:26:00,SYN-03,23.12,54.64,42.75,0,0
2026-01-01 12:27:00,SYN-04,24.47,57.26,42.22,0,0
2026-01-01 12:28:00,SYN-01,25.12,57.43,44.3,0,0
2026-01-01 12:29:00,SYN-02,23.94,56.08,44.79,0,0
2026-01-01 12:30:00,SYN-03,24.38,55.46,43.66,0,0
2026-01-01 12:31:00,SYN-04,24.86,56.19,43.34,0,0
2026-01-01 12:32:00,SYN-01,23.87,56.12,44.22,0,0
2026-01-01 12:33:00,SYN-02,24.04,55.59,44.57,0,0
2026-01-01 12:34:00,SYN-03,24.23,56.2,42.82,0,0
2026-01-01 12:35:00,SYN-04,23.52,56.88,46.95,0,0
2026-01-01 12:36:00,SYN-01,23.55,56.1,43.59,0,0
2026-01-01 12:37:00,SYN-02,22.85,54.31,43.78,0,0
2026-01-01 12:38:00,SYN-03,24.72,55.84,47.43,0,0
2026-01-01 12:39:00,SYN-04,23.34,54.51,43.29,0,0
2026-01-01 12:40:00,SYN-01,23.72,55.5,42.88,0,0
2026-01-01 12:41:00,SYN-02,24.43,56.71,45.53,0,0
2026-01-01 12:42:00,SYN-03,25.62,58.18,44.47,0,0
2026-01-01 12:43:00,SYN-04,24.5,56.2,40.42,0,0
2026-01-01 12:44:00,SYN-01,23.75,54.75,41.54,0,0
2026-01-01 12:45:00,SYN-02,24.93,56.42,44.67,0,0
2026-01-01 12:46:00,SYN-03,23.86,55.89,43.92,0,0
2026-01-01 12:47:00,SYN-04,23.94,55.91,43.88,0,0
2026-01-01 12:48:00,SYN-01,23.44,54.56,45.97,0,0
2026-01-01 12:49:00,SYN-02,24.45,55.68,44.39,0,0
2026-01-01 12:50:00,SYN-03,23.73,54.02,47.74,0,0
2026-01-01 12:51:00,SYN-04,23.82,53.29,46.21,0,0
2026-01-01 12:52:00,SYN-01,24.9,57.15,46.08,0,0
2026-01-01 12:53:00,SYN-02,23.04,52.76,47.93,0,0
2026-01-01 12:54:00,SYN-03,24.15,55.36,45.56,0,0
2026-01-01 12:55:00,SYN-04,23.71,54.8,48.85,0,0
2026-01-01 12:56:00,SYN-01,24.29,54.7,46.43,0,0
2026-01-01 12:57:00,SYN-02,23.28,55.06,44.67,0,0
2026-01-01 12:58:00,SYN-03,22.61,54.03,45.67,0,0
2026-01-01 12:59:00,SYN-04,23.79,54.86,48.29,0,0
2026-01-01 13:00:00,SYN-01,23.77,55.32,46.08,0,0
2026-01-01 13:01:00,SYN-02,22.49,53.78,44.55,0,0
2026-01-01 13:02:00,SYN-03,24.6,55.56,45.65,0,0
2026-01-01 13:03:00,SYN-04,23.66,53.99,39.99,0,0
2026-01-01 13:04:00,SYN-01,24.28,55.09,44.05,0,0
2026-01-01 13:05:00,SYN-02,22.95,52.58,46.55,0,0
2026-01-01 13:06:00,SYN-03,24.38,54.51,44.04,0,0
2026-01-01 13:07:00,SYN-04,23.38,53.42,42.17,0,0
2026-01-01 13:08:00,SYN-01,24.51,56.15,47.06,0,0
2026-01-01 13:09:00,SYN-02,24.01,53.48,42.36,0,0
2026-01-01 13:10:00,SYN-03,23.03,53.48,46.12,0,0
2026-01-01 13:11:00,SYN-04,23.78,55.11,44.94,0,0
2026-01-01 13:12:00,SYN-01,24.92,55.31,41.8,0,0
2026-01-01 13:13:00,SYN-02,24.29,54.5,41.66,0,0
2026-01-01 13:14:00,SYN-03,23.3,53.39,47.5,0,0
2026-01-01 13:15:00,SYN-04,24.07,54.46,44.05,0,0
2026-01-01 13:16:00,SYN-01,23.52,53.22,41.9,0,0
2026-01-01 13:17:00,SYN-02,23.69,54.22,45.36,0,0
2026-01-01 13:18:00,SYN-03,23.6,54.05,47.54,0,0
2026-01-01 13:19:00,SYN-04,22.52,52.03,44.64,0,0
2026-01-01 13:20:00,SYN-01,22.44,51.54,48.22,0,0
2026-01-01 13:21:00,SYN-02,23.69,53.23,46.27,0,0
2026-01-01 13:22:00,SYN-03,24.27,53.72,44.7,0,0
2026-01-01 13:23:00,SYN-04,24.46,52.41,46.87,0,0
2026-01-01 13:24:00,SYN-01,24.17,54.45,45.29,0,0
2026-01-01 13:25:00,SYN-02,23.45,52.94,47.33,0,0
2026-01-01 13:26:00,SYN-03,23.97,52.16,48.84,0,0
2026-01-01 13:27:00,SYN-04,24.06,53.62,47.96,0,0
2026-01-01 13:28:00,SYN-01,23.06,52.26,47.33,0,0
2026-01-01 13:29:00,SYN-02,23.39,52.41,49.66,0,0
2026-01-01 13:30:00,SYN-03,23.21,54.17,45.38,0,0
2026-01-01 13:31:00,SYN-04,23.87,52.63,47.39,0,0
2026-01-01 13:32:00,SYN-01,25.2,53.85,41.73,0,0
2026-01-01 13:33:00,SYN-02,23.29,52.99,45.6,0,0
2026-01-01 13:34:00,SYN-03,23.87,51.39,47.66,0,0
2026-01-01 13:35:00,SYN-04,23.05,52.22,47.75,0,0
2026-01-01 13:36:00,SYN-01,23.18,52.81,45.05,0,0
2026-01-01 13:37:00,SYN-02,23.69,52.32,45.65,0,0
2026-01-01 13:38:00,SYN-03,23.34,52.61,46.16,0,0
2026-01-01 13:39:00,SYN-04,25.6,55.86,48.23,0,0
2026-01-01 13:40:00,SYN-01,23.1,52.73,46.61,0,0
2026-01-01 13:41:00,SYN-02,22.35,51.05,47.4,0,0
2026-01-01 13:42:00,SYN-03,24.44,54.13,47.69,0,0
2026-01-01 13:43:00,SYN-04,24.82,53.72,49.09,0,0
2026-01-01 13:44:00,SYN-01,23.55,52.04,44.64,0,0
2026-01-01 13:45:00,SYN-02,23.41,52.22,49.06,0,0
2026-01-01 13:46:00,SYN-03,24.1,52.71,41.79,0,0
2026-01-01 13:47:00,SYN-04,23.23,52.69,50.38,0,0
2026-01-01 13:48:00,SYN-01,23.09,53.68,47.24,0,0
2026-01-01 13:49:00,SYN-02,23.75,53.39,48.89,0,0
2026-01-01 13:50:00,SYN-03,23.91,53.02,47.87,0,0
2026-01-01 13:51:00,SYN-04,23.66,53.06,45.08,0,0
2026-01-01 13:52:00,SYN-01,22.92,51.57,46.88,0,0
2026-01-01 13:53:00,SYN-02,23.21,52.14,50.39,0,0
2026-01-01 13:54:00,SYN-03,23.63,53.52,49.83,0,0
2026-01-01 13:55:00,SYN-04,23.32,51.9,44.46,0,0
2026-01-01 13:56:00,SYN-01,23.55,51.85,49.18,0,0
2026-01-01 13:57:00,SYN-02,24.12,53.5,47.28,0,0
2026-01-01 13:58:00,SYN-03,22.94,51.93,49.02,0,0
2026-01-01 13:59:00,SYN-04,23.34,51.37,45.28,0,0
2026-01-01 14:00:00,SYN-01,24.07,52.8,50.37,0,0
2026-01-01 14:01:00,SYN-02,24.34,54.92,47.6,0,0
2026-01-01 14:02:00,SYN-03,23.94,52.81,43.73,0,0
2026-01-01 14:03:00,SYN-04,23.79,51.44,48.0,0,0
2026-01-01 14:04:00,SYN-01,23.42,52.0,50.46,0,0
2026-01-01 14:05:00,SYN-02,22.75,53.59,49.57,0,0
2026-01-01 14:06:00,SYN-03,22.37,51.74,47.09,0,0
2026-01-01 14:07:00,SYN-04,23.38,51.05,48.83,0,0
2026-01-01 14:08:00,SYN-01,24.12,53.28,49.55,0,0
2026-01-01 14:09:00,SYN-02,22.66,52.32,47.66,0,0
2026-01-01 14:10:00,SYN-03,23.9,53.47,46.89,0,0
2026-01-01 14:11:00,SYN-04,21.2,50.57,45.98,0,0
2026-01-01 14:12:00,SYN-01,23.1,51.89,52.58,0,0
2026-01-01 14:13:00,SYN-02,22.87,53.28,53.22,0,0
2026-01-01 14:14:00,SYN-03,22.31,52.6,50.62,0,0
2026-01-01 14:15:00,SYN-04,22.82,53.68,46.18,0,0
2026-01-01 14:16:00,SYN-01,23.66,54.26,49.81,0,0
2026-01-01 14:17:00,SYN-02,23.02,52.19,47.5,0,0
2026-01-01 14:18:00,SYN-03,22.36,51.96,48.88,0,0
2026-01-01 14:19:00,SYN-04,24.09,53.42,50.71,0,0
2026-01-01 14:20:00,SYN-01,23.09,54.03,48.7,0,0
2026-01-01 14:21:00,SYN-02,22.93,52.09,48.08,0,0
2026-01-01 14:22:00,SYN-03,24.47,53.67,51.13,0,0
2026-01-01 14:23:00,SYN-04,25.18,54.69,52.4,0,0
2026-01-01 14:24:00,SYN-01,22.69,53.38,48.6,0,0
2026-01-01 14:25:00,SYN-02,23.32,52.88,54.36,0,0
2026-01-01 14:26:00,SYN-03,23.27,53.1,47.66,0,0
2026-01-01 14:27:00,SYN-04,23.17,54.29,48.45,0,0
2026-01-01 14:28:00,SYN-01,23.61,54.3,53.88,0,0
2026-01-01 14:29:00,SYN-02,22.92,53.66,51.24,0,0
2026-01-01 14:30:00,SYN-03,22.81,51.39,47.69,0,0
2026-01-01 14:31:00,SYN-04,22.84,52.6,45.51,0,0
2026-01-01 14:32:00,SYN-01,23.57,54.3,51.29,0,0
2026-01-01 14:33:00,SYN-02,22.03,51.25,52.68,0,0
2026-01-01 14:34:00,SYN-03,23.19,52.56,47.96,0,0
2026-01-01 14:35:00,SYN-04,23.06,52.3,48.5,0,0
2026-01-01 14:36:00,SYN-01,22.9,52.5,49.72,0,0
2026-01-01 14:37:00,SYN-02,23.33,52.96,45.97,0,0
2026-01-01 14:38:00,SYN-03,21.98,52.39,51.9,0,0
2026-01-01 14:39:00,SYN-04,22.51,52.33,52.89,0,0
2026-01-01 14:40:00,SYN-01,22.07,52.13,52.12,0,0
2026-01-01 14:41:00,SYN-02,23.84,54.03,49.12,0,0
2026-01-01 14:42:00,SYN-03,22.96,53.41,51.65,0,0
2026-01-01 14:43:00,SYN-04,22.72,51.64,54.48,0,0
2026-01-01 14:44:00,SYN-01,23.32,54.22,52.89,0,0
2026-01-01 14:45:00,SYN-02,23.16,53.21,49.91,0,0
2026-01-01 14:46:00,SYN-03,21.93,53.65,54.01,0,0
2026-01-01 14:47:00,SYN-04,22.88,52.37,49.72,0,0
2026-01-01 14:48:00,SYN-01,21.15,51.04,53.19,0,0
2026-01-01 14:49:00,SYN-02,22.64,53.77,47.89,0,0
2026-01-01 14:50:00,SYN-03,24.08,55.19,50.89,0,0
2026-01-01 14:51:00,SYN-04,22.54,53.18,46.46,0,0
2026-01-01 14:52:00,SYN-01,23.59,54.19,51.46,0,0
2026-01-01 14:53:00,SYN-02,22.54,53.22,52.07,0,0
2026-01-01 14:54:00,SYN-03,21.26,54.0,51.46,0,0
2026-01-01 14:55:00,SYN-04,23.12,53.66,53.96,0,0
2026-01-01 14:56:00,SYN-01,22.67,53.69,53.64,0,0
2026-01-01 14:57:00,SYN-02,23.85,56.49,49.64,0,0
2026-01-01 14:58:00,SYN-03,23.01,55.01,49.86,0,0
2026-01-01 14:59:00,SYN-04,22.93,56.04,51.16,0,0
2026-01-01 15:00:00,SYN-01,22.17,53.68,52.72,0,0
2026-01-01 15:01:00,SYN-02,23.49,54.54,50.13,0,0
2026-01-01 15:02:00,SYN-03,23.97,55.69,51.36,0,0
2026-01-01 15:03:00,SYN-04,21.88,51.88,50.32,0,0
2026-01-01 15:04:00,SYN-01,24.88,56.06,53.39,0,0
2026-01-01 15:05:00,SYN-02,22.79,53.53,52.25,0,0
2026-01-01 15:06:00,SYN-03,21.97,53.83,51.52,0,0
2026-01-01 15:07:00,SYN-04,23.15,55.44,50.02,0,0
2026-01-01 15:08:00,SYN-01,22.35,54.8,53.32,0,0
2026-01-01 15:09:00,SYN-02,22.4,54.61,52.83,0,0
2026-01-01 15:10:00,SYN-03,21.5,55.3,53.62,0,0
2026-01-01 15:11:00,SYN-04,23.91,55.62,48.5,0,0
2026-01-01 15:12:00,SYN-01,22.49,54.65,49.25,0,0
2026-01-01 15:13:00,SYN-02,22.0,53.88,53.92,0,0
2026-01-01 15:14:00,SYN-03,22.07,53.74,53.52,0,0
2026-01-01 15:15:00,SYN-04,22.85,54.48,53.26,0,0
2026-01-01 15:16:00,SYN-01,22.92,55.41,52.47,0,0
2026-01-01 15:17:00,SYN-02,22.39,54.28,50.28,0,0
2026-01-01 15:18:00,SYN-03,21.86,52.25,48.4,0,0
2026-01-01 15:19:00,SYN-04,23.47,56.2,53.48,0,0
2026-01-01 15:20:00,SYN-01,23.51,56.8,50.79,0,0
2026-01-01 15:21:00,SYN-02,24.26,56.3,49.41,0,0
2026-01-01 15:22:00,SYN-03,23.6,57.28,52.49,0,0
2026-01-01 15:23:00,SYN-04,22.47,56.32,49.94,0,0
2026-01-01 15:24:00,SYN-01,21.37,53.21,52.63,0,0
2026-01-01 15:25:00,SYN-02,22.85,54.16,52.74,0,0
2026-01-01 15:26:00,SYN-03,21.83,55.09,53.8,0,0
2026-01-01 15:27:00,SYN-04,22.81,54.1,55.79,0,0
2026-01-01 15:28:00,SYN-01,22.22,56.4,51.14,0,0
2026-01-01 15:29:00,SYN-02,21.79,54.35,52.29,0,0
2026-01-01 15:30:00,SYN-03,23.11,55.38,48.04,0,0
2026-01-01 15:31:00,SYN-04,21.85,55.09,51.69,0,0
2026-01-01 15:32:00,SYN-01,23.45,57.47,52.92,0,0
2026-01-01 15:33:00,SYN-02,22.19,56.49,53.6,0,0
2026-01-01 15:34:00,SYN-03,22.24,54.6,47.67,0,0
2026-01-01 15:35:00,SYN-04,23.74,55.48,50.24,0,0
2026-01-01 15:36:00,SYN-01,21.87,54.83,51.27,0,0
2026-01-01 15:37:00,SYN-02,21.79,54.49,55.46,0,0
2026-01-01 15:38:00,SYN-03,22.41,55.2,51.3,0,0
2026-01-01 15:39:00,SYN-04,22.38,52.88,52.25,0,0
2026-01-01 15:40:00,SYN-01,22.66,55.49,51.72,0,0
2026-01-01 15:41:00,SYN-02,22.07,54.02,50.15,0,0
2026-01-01 15:42:00,SYN-03,23.1,54.92,49.24,0,0
2026-01-01 15:43:00,SYN-04,22.8,55.01,59.83,0,0
2026-01-01 15:44:00,SYN-01,21.67,53.41,55.59,0,0
2026-01-01 15:45:00,SYN-02,22.93,54.26,55.07,0,0
2026-01-01 15:46:00,SYN-03,22.51,54.97,54.89,0,0
2026-01-01 15:47:00,SYN-04,22.4,54.72,52.04,0,0
2026-01-01 15:48:00,SYN-01,22.7,55.69,50.56,0,0
2026-01-01 15:49:00,SYN-02,23.07,55.24,53.3,0,0
2026-01-01 15:50:00,SYN-03,22.64,55.46,52.28,0,0
2026-01-01 15:51:00,SYN-04,21.97,55.33,56.51,0,0
2026-01-01 15:52:00,SYN-01,22.9,55.37,49.23,0,0
2026-01-01 15:53:00,SYN-02,22.48,54.63,53.71,0,0
2026-01-01 15:54:00,SYN-03,22.3,54.51,51.3,0,0
2026-01-01 15:55:00,SYN-04,21.84,55.68,54.54,0,0
2026-01-01 15:56:00,SYN-01,23.0,56.15,52.58,0,0
2026-01-01 15:57:00,SYN-02,23.35,55.49,51.82,0,0
2026-01-01 15:58:00,SYN-03,22.57,54.0,55.41,0,0
2026-01-01 15:59:00,SYN-04,22.49,55.82,51.87,0,0
2026-01-01 16:00:00,SYN-01,22.32,54.99,55.03,0,0
2026-01-01 16:01:00,SYN-02,22.11,54.81,51.94,0,0
2026-01-01 16:02:00,SYN-03,22.42,55.62,48.56,0,0
2026-01-01 16:03:00,SYN-04,22.56,54.62,57.33,0,0
2026-01-01 16:04:00,SYN-01,22.14,55.46,52.35,0,0
2026-01-01 16:05:00,SYN-02,22.29,54.58,52.36,0,0
2026-01-01 16:06:00,SYN-03,22.53,54.81,51.36,0,0
2026-01-01 16:07:00,SYN-04,21.77,53.79,51.41,0,0
2026-01-01 16:08:00,SYN-01,21.91,55.09,52.89,0,0
2026-01-01 16:09:00,SYN-02,23.1,55.24,51.51,0,0
2026-01-01 16:10:00,SYN-03,22.62,55.47,53.14,0,0
2026-01-01 16:11:00,SYN-04,21.65,53.67,53.71,0,0
2026-01-01 16:12:00,SYN-01,21.24,52.5,54.41,0,0
2026-01-01 16:13:00,SYN-02,22.28,54.03,53.0,0,0
2026-01-01 16:14:00,SYN-03,21.62,53.07,48.86,0,0
2026-01-01 16:15:00,SYN-04,22.87,56.29,52.2,0,0
2026-01-01 16:16:00,SYN-01,21.22,53.33,54.43,0,0
2026-01-01 16:17:00,SYN-02,22.04,54.66,51.83,0,0
2026-01-01 16:18:00,SYN-03,23.07,54.71,54.07,0,0
2026-01-01 16:19:00,SYN-04,21.49,53.03,53.48,0,0
2026-01-01 16:20:00,SYN-01,23.25,55.41,52.99,0,0
2026-01-01 16:21:00,SYN-02,21.81,55.01,57.67,0,0
2026-01-01 16:22:00,SYN-03,21.44,53.28,53.85,0,0
2026-01-01 16:23:00,SYN-04,23.43,54.61,51.07,0,0
2026-01-01 16:24:00,SYN-01,22.22,53.04,54.69,0,0
2026-01-01 16:25:00,SYN-02,22.92,53.44,52.63,0,0
2026-01-01 16:26:00,SYN-03,22.87,55.13,56.29,0,0
2026-01-01 16:27:00,SYN-04,22.25,53.25,54.99,0,0
2026-01-01 16:28:00,SYN-01,21.77,53.57,55.58,0,0
2026-01-01 16:29:00,SYN-02,21.61,54.09,54.25,0,0
2026-01-01 16:30:00,SYN-03,23.28,55.19,49.87,0,0
2026-01-01 16:31:00,SYN-04,22.3,53.35,55.22,0,0
2026-01-01 16:32:00,SYN-01,22.58,55.28,56.29,0,0
2026-01-01 16:33:00,SYN-02,21.31,53.3,54.31,0,0
2026-01-01 16:34:00,SYN-03,22.92,54.72,55.62,0,0
2026-01-01 16:35:00,SYN-04,23.08,54.05,54.69,0,0
2026-01-01 16:36:00,SYN-01,21.49,52.64,55.16,0,0
2026-01-01 16:37:00,SYN-02,22.51,53.37,56.46,0,0
2026-01-01 16:38:00,SYN-03,23.77,54.61,57.34,0,0
2026-01-01 16:39:00,SYN-04,21.39,51.32,54.61,0,0
2026-01-01 16:40:00,SYN-01,22.46,54.21,55.18,0,0
2026-01-01 16:41:00,SYN-02,22.51,54.09,54.9,0,0
2026-01-01 16:42:00,SYN-03,22.71,52.08,54.93,0,0
2026-01-01 16:43:00,SYN-04,22.29,53.81,56.7,0,0
2026-01-01 16:44:00,SYN-01,24.02,53.07,53.48,0,0
2026-01-01 16:45:00,SYN-02,22.78,52.81,54.13,0,0
2026-01-01 16:46:00,SYN-03,22.28,52.32,57.43,0,0
2026-01-01 16:47:00,SYN-04,22.97,54.73,50.99,0,0
2026-01-01 16:48:00,SYN-01,21.9,51.21,56.42,0,0
2026-01-01 16:49:00,SYN-02,21.23,52.25,55.95,0,0
2026-01-01 16:50:00,SYN-03,21.4,53.38,54.39,0,0
2026-01-01 16:51:00,SYN-04,22.04,51.46,55.49,0,0
2026-01-01 16:52:00,SYN-01,21.45,51.5,55.57,0,0
2026-01-01 16:53:00,SYN-02,22.25,50.7,51.7,0,0
2026-01-01 16:54:00,SYN-03,22.17,53.2,55.3,0,0
2026-01-01 16:55:00,SYN-04,21.97,52.21,55.8,0,0
2026-01-01 16:56:00,SYN-01,21.51,53.63,57.75,0,0
2026-01-01 16:57:00,SYN-02,21.9,51.23,51.8,0,0
2026-01-01 16:58:00,SYN-03,22.79,53.14,54.03,0,0
2026-01-01 16:59:00,SYN-04,22.61,52.11,57.2,0,0
2026-01-01 17:00:00,SYN-01,19.87,50.1,53.76,0,0
2026-01-01 17:01:00,SYN-02,20.61,50.92,53.65,0,0
2026-01-01 17:02:00,SYN-03,22.01,51.08,55.76,0,0
2026-01-01 17:03:00,SYN-04,21.04,50.29,50.44,0,0
2026-01-01 17:04:00,SYN-01,22.44,52.33,51.34,0,0
2026-01-01 17:05:00,SYN-02,21.19,50.84,54.31,0,0
2026-01-01 17:06:00,SYN-03,21.22,50.81,57.75,0,0
2026-01-01 17:07:00,SYN-04,20.52,49.99,50.65,0,0
2026-01-01 17:08:00,SYN-01,21.19,52.46,55.47,0,0
2026-01-01 17:09:00,SYN-02,21.57,51.88,54.06,0,0
2026-01-01 17:10:00,SYN-03,20.95,50.62,56.06,0,0
2026-01-01 17:11:00,SYN-04,22.68,52.21,51.18,0,0
2026-01-01 17:12:00,SYN-01,22.39,51.7,52.84,0,0
2026-01-01 17:13:00,SYN-02,21.98,51.02,56.96,0,0
2026-01-01 17:14:00,SYN-03,21.59,50.91,54.07,0,0
2026-01-01 17:15:00,SYN-04,22.03,52.61,52.73,0,0
2026-01-01 17:16:00,SYN-01,21.44,50.57,56.55,0,0
2026-01-01 17:17:00,SYN-02,21.45,49.22,53.66,0,0
2026-01-01 17:18:00,SYN-03,22.12,52.15,55.79,0,0
2026-01-01 17:19:00,SYN-04,21.64,51.01,54.96,0,0
2026-01-01 17:20:00,SYN-01,21.33,50.87,55.78,0,0
2026-01-01 17:21:00,SYN-02,22.08,51.71,51.62,0,0
2026-01-01 17:22:00,SYN-03,21.13,49.84,56.17,0,0
2026-01-01 17:23:00,SYN-04,22.98,51.01,55.18,0,0
2026-01-01 17:24:00,SYN-01,22.79,53.02,54.96,0,0
2026-01-01 17:25:00,SYN-02,22.01,49.71,52.16,0,0
2026-01-01 17:26:00,SYN-03,21.04,50.48,55.08,0,0
2026-01-01 17:27:00,SYN-04,21.21,48.58,52.47,0,0
2026-01-01 17:28:00,SYN-01,21.74,50.72,53.03,0,0
2026-01-01 17:29:00,SYN-02,21.66,50.0,56.74,0,0
2026-01-01 17:30:00,SYN-03,20.7,48.52,56.62,0,0
2026-01-01 17:31:00,SYN-04,22.24,51.41,57.2,0,0
2026-01-01 17:32:00,SYN-01,22.3,51.39,56.5,0,0
2026-01-01 17:33:00,SYN-02,21.73,51.94,58.56,0,0
2026-01-01 17:34:00,SYN-03,21.18,48.63,57.48,0,0
2026-01-01 17:35:00,SYN-04,22.57,51.23,52.32,0,0
2026-01-01 17:36:00,SYN-01,21.58,50.43,55.98,0,0
2026-01-01 17:37:00,SYN-02,20.71,49.56,53.62,0,0
2026-01-01 17:38:00,SYN-03,22.23,52.65,52.53,0,0
2026-01-01 17:39:00,SYN-04,21.48,51.39,56.79,0,0
2026-01-01 17:40:00,SYN-01,22.53,52.06,55.69,0,0
2026-01-01 17:41:00,SYN-02,21.67,50.5,55.95,0,0
2026-01-01 17:42:00,SYN-03,21.0,50.79,55.25,0,0
2026-01-01 17:43:00,SYN-04,21.91,51.44,55.6,0,0
2026-01-01 17:44:00,SYN-01,21.56,49.69,54.06,0,0
2026-01-01 17:45:00,SYN-02,21.15,50.67,51.94,0,0
2026-01-01 17:46:00,SYN-03,21.34,51.14,55.63,0,0
2026-01-01 17:47:00,SYN-04,21.46,51.65,54.48,0,0
2026-01-01 17:48:00,SYN-01,23.26,53.17,56.02,0,0
2026-01-01 17:49:00,SYN-02,21.71,51.17,53.88,0,0
2026-01-01 17:50:00,SYN-03,20.6,51.07,56.69,0,0
2026-01-01 17:51:00,SYN-04,20.87,49.91,54.34,0,0
2026-01-01 17:52:00,SYN-01,20.47,50.62,57.93,0,0
2026-01-01 17:53:00,SYN-02,20.7,49.92,57.9,0,0
2026-01-01 17:54:00,SYN-03,21.4,50.46,56.81,0,0
2026-01-01 17:55:00,SYN-04,20.63,49.21,57.62,0,0
2026-01-01 17:56:00,SYN-01,21.61,50.64,57.15,0,0
2026-01-01 17:57:00,SYN-02,21.95,51.66,58.51,0,0
2026-01-01 17:58:00,SYN-03,21.72,50.87,55.26,0,0
2026-01-01 17:59:00,SYN-04,21.91,50.7,56.15,0,0
2026-01-01 18:00:00,SYN-01,22.02,49.94,57.53,0,0
2026-01-01 18:01:00,SYN-02,21.78,52.98,55.78,0,0
2026-01-01 18:02:00,SYN-03,20.67,51.02,57.59,0,0
2026-01-01 18:03:00,SYN-04,21.78,50.4,54.81,0,0
2026-01-01 18:04:00,SYN-01,21.83,50.88,54.62,0,0
2026-01-01 18:05:00,SYN-02,21.95,51.57,51.93,0,0
2026-01-01 18:06:00,SYN-03,22.53,52.37,57.8,0,0
2026-01-01 18:07:00,SYN-04,21.37,50.74,54.56,0,0
2026-01-01 18:08:00,SYN-01,21.62,51.74,51.33,0,0
2026-01-01 18:09:00,SYN-02,21.23,51.38,55.36,0,0
2026-01-01 18:10:00,SYN-03,22.21,52.19,53.73,0,0
2026-01-01 18:11:00,SYN-04,22.06,51.03,58.54,0,0
2026-01-01 18:12:00,SYN-01,22.46,52.09,56.96,0,0
2026-01-01 18:13:00,SYN-02,21.13,52.03,54.02,0,0
2026-01-01 18:14:00,SYN-03,20.26,51.02,58.95,0,0
2026-01-01 18:15:00,SYN-04,21.72,51.77,56.14,0,0
2026-01-01 18:16:00,SYN-01,21.34,51.8,52.17,0,0
2026-01-01 18:17:00,SYN-02,22.04,53.54,52.49,0,0
2026-01-01 18:18:00,SYN-03,21.91,51.57,58.81,0,0
2026-01-01 18:19:00,SYN-04,21.39,51.9,53.88,0,0
2026-01-01 18:20:00,SYN-01,21.31,51.76,57.74,0,0
2026-01-01 18:21:00,SYN-02,22.07,52.66,54.76,0,0
2026-01-01 18:22:00,SYN-03,20.69,53.65,55.24,0,0
2026-01-01 18:23:00,SYN-04,21.12,51.04,54.59,0,0
2026-01-01 18:24:00,SYN-01,20.19,51.43,56.63,0,0
2026-01-01 18:25:00,SYN-02,20.89,49.67,52.95,0,0
2026-01-01 18:26:00,SYN-03,21.09,54.09,55.82,0,0
2026-01-01 18:27:00,SYN-04,21.47,52.54,59.42,0,0
2026-01-01 18:28:00,SYN-01,21.82,54.04,56.0,0,0
2026-01-01 18:29:00,SYN-02,21.75,53.02,56.38,0,0
2026-01-01 18:30:00,SYN-03,22.28,53.39,56.0,0,0
2026-01-01 18:31:00,SYN-04,20.55,51.28,54.98,0,0
2026-01-01 18:32:00,SYN-01,21.21,51.9,55.35,0,0
2026-01-01 18:33:00,SYN-02,22.05,52.28,52.59,0,0
2026-01-01 18:34:00,SYN-03,21.26,52.54,57.96,0,0
2026-01-01 18:35:00,SYN-04,22.14,52.31,53.78,0,0
2026-01-01 18:36:00,SYN-01,21.95,52.44,57.4,0,0
2026-01-01 18:37:00,SYN-02,20.84,50.81,58.18,0,0
2026-01-01 18:38:00,SYN-03,20.26,50.43,51.73,0,0
2026-01-01 18:39:00,SYN-04,22.14,54.21,57.1,0,0
2026-01-01 18:40:00,SYN-01,21.8,52.75,55.52,0,0
2026-01-01 18:41:00,SYN-02,21.03,52.65,56.87,0,0
2026-01-01 18:42:00,SYN-03,21.7,53.29,55.65,0,0
2026-01-01 18:43:00,SYN-04,21.99,53.4,53.11,0,0
2026-01-01 18:44:00,SYN-01,21.84,54.14,57.51,0,0
2026-01-01 18:45:00,SYN-02,20.78,51.96,54.07,0,0
2026-01-01 18:46:00,SYN-03,20.73,53.36,56.44,0,0
2026-01-01 18:47:00,SYN-04,20.55,53.75,58.85,0,0
2026-01-01 18:48:00,SYN-01,21.0,52.0,56.69,0,0
2026-01-01 18:49:00,SYN-02,20.76,52.21,54.64,0,0
2026-01-01 18:50:00,SYN-03,21.3,53.82,55.92,0,0
2026-01-01 18:51:00,SYN-04,20.84,54.37,57.93,0,0
2026-01-01 18:52:00,SYN-01,20.54,52.41,56.46,0,0
2026-01-01 18:53:00,SYN-02,21.34,52.11,54.19,0,0
2026-01-01 18:54:00,SYN-03,20.08,51.17,55.38,0,0
2026-01-01 18:55:00,SYN-04,20.83,53.71,59.86,0,0
2026-01-01 18:56:00,SYN-01,21.5,52.69,55.86,0,0
2026-01-01 18:57:00,SYN-02,20.96,52.16,53.95,0,0
2026-01-01 18:58:00,SYN-03,21.57,53.7,55.92,0,0
2026-01-01 18:59:00,SYN-04,20.67,53.79,56.51,0,0
2026-01-01 19:00:00,SYN-01,20.87,52.83,58.86,0,0
2026-01-01 19:01:00,SYN-02,21.28,53.63,57.75,0,0
2026-01-01 19:02:00,SYN-03,21.42,53.84,54.99,0,0
2026-01-01 19:03:00,SYN-04,22.38,54.7,53.98,0,0
2026-01-01 19:04:00,SYN-01,19.47,52.36,56.24,0,0
2026-01-01 19:05:00,SYN-02,21.67,52.41,57.84,0,0
2026-01-01 19:06:00,SYN-03,22.28,53.01,53.11,0,0
2026-01-01 19:07:00,SYN-04,22.2,54.91,57.66,0,0
2026-01-01 19:08:00,SYN-01,20.94,53.24,55.96,0,0
2026-01-01 19:09:00,SYN-02,20.55,52.04,58.94,0,0
2026-01-01 19:10:00,SYN-03,20.68,54.06,54.51,0,0
2026-01-01 19:11:00,SYN-04,20.51,53.8,57.11,0,0
2026-01-01 19:12:00,SYN-01,21.0,54.5,55.01,0,0
2026-01-01 19:13:00,SYN-02,20.68,54.47,54.83,0,0
2026-01-01 19:14:00,SYN-03,22.4,56.16,58.61,0,0
2026-01-01 19:15:00,SYN-04,20.13,52.32,53.58,0,0
2026-01-01 19:16:00,SYN-01,20.51,53.68,58.88,0,0
2026-01-01 19:17:00,SYN-02,20.44,54.28,56.85,0,0
2026-01-01 19:18:00,SYN-03,21.15,54.21,54.38,0,0
2026-01-01 19:19:00,SYN-04,21.15,54.21,54.26,0,0
2026-01-01 19:20:00,SYN-01,20.68,54.05,59.52,0,0
2026-01-01 19:21:00,SYN-02,20.9,53.11,55.52,0,0
2026-01-01 19:22:00,SYN-03,21.33,54.57,56.79,0,0
2026-01-01 19:23:00,SYN-04,21.44,53.52,53.86,0,0
2026-01-01 19:24:00,SYN-01,20.44,53.65,56.64,0,0
2026-01-01 19:25:00,SYN-02,21.14,54.3,58.82,0,0
2026-01-01 19:26:00,SYN-03,20.4,52.47,54.06,0,0
2026-01-01 19:27:00,SYN-04,20.72,52.6,59.0,0,0
2026-01-01 19:28:00,SYN-01,20.27,53.53,54.94,0,0
2026-01-01 19:29:00,SYN-02,21.57,55.08,54.9,0,0
2026-01-01 19:30:00,SYN-03,21.71,54.77,55.68,0,0
2026-01-01 19:31:00,SYN-04,20.87,52.74,50.93,0,0
2026-01-01 19:32:00,SYN-01,20.64,51.57,51.92,0,0
2026-01-01 19:33:00,SYN-02,20.73,54.19,54.93,0,0
2026-01-01 19:34:00,SYN-03,19.53,51.67,54.77,0,0
2026-01-01 19:35:00,SYN-04,21.04,54.06,52.59,0,0
2026-01-01 19:36:00,SYN-01,20.61,54.62,56.81,0,0
2026-01-01 19:37:00,SYN-02,21.56,53.9,54.2,0,0
2026-01-01 19:38:00,SYN-03,20.73,53.64,56.68,0,0
2026-01-01 19:39:00,SYN-04,21.93,53.77,57.25,0,0
2026-01-01 19:40:00,SYN-01,21.05,52.62,60.13,0,0
2026-01-01 19:41:00,SYN-02,20.82,53.6,54.35,0,0
2026-01-01 19:42:00,SYN-03,21.0,52.77,56.27,0,0
2026-01-01 19:43:00,SYN-04,20.46,52.26,54.56,0,0
2026-01-01 19:44:00,SYN-01,20.95,53.4,53.48,0,0
2026-01-01 19:45:00,SYN-02,20.83,52.65,58.35,0,0
2026-01-01 19:46:00,SYN-03,19.26,53.3,54.82,0,0
2026-01-01 19:47:00,SYN-04,20.87,52.92,54.71,0,0
2026-01-01 19:48:00,SYN-01,21.35,52.32,54.91,0,0
2026-01-01 19:49:00,SYN-02,20.61,52.79,52.54,0,0
2026-01-01 19:50:00,SYN-03,20.42,52.58,56.97,0,0
2026-01-01 19:51:00,SYN-04,20.96,53.26,57.36,0,0
2026-01-01 19:52:00,SYN-01,21.5,53.04,57.28,0,0
2026-01-01 19:53:00,SYN-02,20.48,52.59,52.27,0,0
2026-01-01 19:54:00,SYN-03,20.33,53.2,53.13,0,0
2026-01-01 19:55:00,SYN-04,21.07,52.67,54.2,0,0
2026-01-01 19:56:00,SYN-01,21.48,53.61,55.28,0,0
2026-01-01 19:57:00,SYN-02,20.63,51.69,56.1,0,0
2026-01-01 19:58:00,SYN-03,20.33,51.63,56.92,0,0
2026-01-01 19:59:00,SYN-04,20.55,52.83,50.3,0,0
2026-01-01 20:00:00,SYN-01,20.57,52.18,52.92,0,0
2026-01-01 20:01:00,SYN-02,19.82,51.05,53.93,0,0
2026-01-01 20:02:00,SYN-03,20.44,51.51,57.33,0,0
2026-01-01 20:03:00,SYN-04,19.78,51.97,55.6,0,0
2026-01-01 20:04:00,SYN-01,21.75,54.28,53.34,0,0
2026-01-01 20:05:00,SYN-02,21.42,52.95,55.48,0,0
2026-01-01 20:06:00,SYN-03,20.5,51.39,55.03,0,0
2026-01-01 20:07:00,SYN-04,21.36,53.19,57.6,0,0
2026-01-01 20:08:00,SYN-01,21.04,52.65,54.61,0,0
2026-01-01 20:09:00,SYN-02,21.15,53.41,52.75,0,0
2026-01-01 20:10:00,SYN-03,20.77,53.26,54.63,0,0
2026-01-01 20:11:00,SYN-04,20.88,53.41,54.95,0,0
2026-01-01 20:12:00,SYN-01,20.91,53.87,53.8,0,0
2026-01-01 20:13:00,SYN-02,21.1,52.64,55.56,0,0
2026-01-01 20:14:00,SYN-03,21.21,52.11,55.65,0,0
2026-01-01 20:15:00,SYN-04,21.19,52.47,53.9,0,0
2026-01-01 20:16:00,SYN-01,22.04,52.77,55.11,0,0
2026-01-01 20:17:00,SYN-02,19.93,52.29,51.99,0,0
2026-01-01 20:18:00,SYN-03,21.61,53.85,54.04,0,0
2026-01-01 20:19:00,SYN-04,21.19,53.0,53.35,0,0
2026-01-01 20:20:00,SYN-01,21.27,51.97,56.15,0,0
2026-01-01 20:21:00,SYN-02,21.39,52.59,51.3,0,0
2026-01-01 20:22:00,SYN-03,20.62,52.31,51.22,0,0
2026-01-01 20:23:00,SYN-04,21.18,51.43,55.5,0,0
2026-01-01 20:24:00,SYN-01,21.14,51.41,54.01,0,0
2026-01-01 20:25:00,SYN-02,20.59,52.17,57.63,0,0
2026-01-01 20:26:00,SYN-03,20.37,50.91,52.87,0,0
2026-01-01 20:27:00,SYN-04,20.66,52.5,53.54,0,0
2026-01-01 20:28:00,SYN-01,19.99,50.45,52.47,0,0
2026-01-01 20:29:00,SYN-02,19.52,49.78,54.17,0,0
2026-01-01 20:30:00,SYN-03,21.02,52.13,55.2,0,0
2026-01-01 20:31:00,SYN-04,20.79,50.88,53.99,0,0
2026-01-01 20:32:00,SYN-01,21.09,52.74,55.52,0,0
2026-01-01 20:33:00,SYN-02,19.83,50.79,50.69,0,0
2026-01-01 20:34:00,SYN-03,19.91,49.27,50.96,0,0
2026-01-01 20:35:00,SYN-04,21.69,52.47,46.82,0,0
2026-01-01 20:36:00,SYN-01,20.65,50.17,54.63,0,0
2026-01-01 20:37:00,SYN-02,21.95,51.98,52.05,0,0
2026-01-01 20:38:00,SYN-03,20.47,51.13,53.2,0,0
2026-01-01 20:39:00,SYN-04,19.86,50.01,56.36,0,0
2026-01-01 20:40:00,SYN-01,20.23,49.63,55.18,0,0
2026-01-01 20:41:00,SYN-02,19.97,48.89,53.83,0,0
2026-01-01 20:42:00,SYN-03,21.58,51.96,55.47,0,0
2026-01-01 20:43:00,SYN-04,21.13,50.86,55.94,0,0
2026-01-01 20:44:00,SYN-01,19.68,48.14,54.49,0,0
2026-01-01 20:45:00,SYN-02,20.52,49.77,57.55,0,0
2026-01-01 20:46:00,SYN-03,20.12,50.92,53.78,0,0
2026-01-01 20:47:00,SYN-04,18.85,49.04,55.37,0,0
2026-01-01 20:48:00,SYN-01,19.61,49.0,54.56,0,0
2026-01-01 20:49:00,SYN-02,21.0,50.72,56.62,0,0
2026-01-01 20:50:00,SYN-03,19.94,48.33,55.2,0,0
2026-01-01 20:51:00,SYN-04,21.11,51.09,54.46,0,0
2026-01-01 20:52:00,SYN-01,20.07,48.33,56.28,0,0
2026-01-01 20:53:00,SYN-02,20.93,51.6,53.13,0,0
2026-01-01 20:54:00,SYN-03,19.6,49.47,56.44,0,0
2026-01-01 20:55:00,SYN-04,20.47,51.03,53.7,0,0
2026-01-01 20:56:00,SYN-01,20.61,50.39,56.95,0,0
2026-01-01 20:57:00,SYN-02,21.15,49.94,52.94,0,0
2026-01-01 20:58:00,SYN-03,21.53,51.51,52.39,0,0
2026-01-01 20:59:00,SYN-04,20.01,50.08,55.24,0,0
2026-01-01 21:00:00,SYN-01,20.02,49.61,52.99,0,0
2026-01-01 21:01:00,SYN-02,21.63,50.72,56.99,0,0
2026-01-01 21:02:00,SYN-03,20.69,49.51,54.5,0,0
2026-01-01 21:03:00,SYN-04,20.38,49.53,55.94,0,0
2026-01-01 21:04:00,SYN-01,19.8,49.08,56.5,0,0
2026-01-01 21:05:00,SYN-02,20.92,50.3,56.32,0,0
2026-01-01 21:06:00,SYN-03,19.91,48.56,54.09,0,0
2026-01-01 21:07:00,SYN-04,20.5,50.32,54.99,0,0
2026-01-01 21:08:00,SYN-01,20.97,50.74,52.98,0,0
2026-01-01 21:09:00,SYN-02,20.5,49.07,52.94,0,0
2026-01-01 21:10:00,SYN-03,20.12,48.25,54.67,0,0
2026-01-01 21:11:00,SYN-04,20.73,50.07,55.21,0,0
2026-01-01 21:12:00,SYN-01,19.88,48.84,48.77,0,0
2026-01-01 21:13:00,SYN-02,20.72,49.69,50.83,0,0
2026-01-01 21:14:00,SYN-03,20.07,48.47,54.03,0,0
2026-01-01 21:15:00,SYN-04,20.89,51.11,54.38,0,0
2026-01-01 21:16:00,SYN-01,20.51,50.18,52.87,0,0
2026-01-01 21:17:00,SYN-02,20.71,50.49,51.75,0,0
2026-01-01 21:18:00,SYN-03,21.2,51.06,52.66,0,0
2026-01-01 21:19:00,SYN-04,20.3,49.53,52.19,0,0
2026-01-01 21:20:00,SYN-01,20.29,49.76,55.19,0,0
2026-01-01 21:21:00,SYN-02,20.0,49.44,54.0,0,0
2026-01-01 21:22:00,SYN-03,20.94,50.96,50.96,0,0
2026-01-01 21:23:00,SYN-04,21.91,52.26,53.61,0,0
2026-01-01 21:24:00,SYN-01,19.76,49.91,51.53,0,0
2026-01-01 21:25:00,SYN-02,19.96,49.76,51.58,0,0
2026-01-01 21:26:00,SYN-03,20.28,49.56,53.56,0,0
2026-01-01 21:27:00,SYN-04,20.8,50.09,50.89,0,0
2026-01-01 21:28:00,SYN-01,21.03,50.38,48.96,0,0
2026-01-01 21:29:00,SYN-02,20.45,49.62,50.04,0,0
2026-01-01 21:30:00,SYN-03,21.39,49.4,51.73,0,0
2026-01-01 21:31:00,SYN-04,20.49,50.65,52.04,0,0
2026-01-01 21:32:00,SYN-01,20.1,48.44,52.9,0,0
2026-01-01 21:33:00,SYN-02,20.7,50.56,52.42,0,0
2026-01-01 21:34:00,SYN-03,19.82,51.1,53.58,0,0
2026-01-01 21:35:00,SYN-04,20.19,48.53,53.47,0,0
2026-01-01 21:36:00,SYN-01,19.01,47.41,51.31,0,0
2026-01-01 21:37:00,SYN-02,20.96,50.21,48.7,0,0
2026-01-01 21:38:00,SYN-03,20.8,48.33,53.17,0,0
2026-01-01 21:39:00,SYN-04,20.73,51.26,54.25,0,0
2026-01-01 21:40:00,SYN-01,21.09,50.26,52.11,0,0
2026-01-01 21:41:00,SYN-02,20.57,50.85,53.22,0,0
2026-01-01 21:42:00,SYN-03,20.74,49.98,50.57,0,0
2026-01-01 21:43:00,SYN-04,20.09,49.98,55.0,0,0
2026-01-01 21:44:00,SYN-01,20.58,49.8,49.74,0,0
2026-01-01 21:45:00,SYN-02,20.73,49.83,53.47,0,0
2026-01-01 21:46:00,SYN-03,19.34,48.84,53.08,0,0
2026-01-01 21:47:00,SYN-04,20.52,50.97,50.66,0,0
2026-01-01 21:48:00,SYN-01,21.44,50.53,53.89,0,0
2026-01-01 21:49:00,SYN-02,21.09,50.8,51.68,0,0
2026-01-01 21:50:00,SYN-03,21.09,50.64,48.64,0,0
2026-01-01 21:51:00,SYN-04,21.55,52.02,49.67,0,0
2026-01-01 21:52:00,SYN-01,20.51,49.81,49.54,0,0
2026-01-01 21:53:00,SYN-02,21.01,51.45,48.2,0,0
2026-01-01 21:54:00,SYN-03,21.21,51.61,52.81,0,0
2026-01-01 21:55:00,SYN-04,20.68,50.42,51.77,0,0
2026-01-01 21:56:00,SYN-01,20.34,49.76,49.81,0,0
2026-01-01 21:57:00,SYN-02,21.54,53.12,51.96,0,0
2026-01-01 21:58:00,SYN-03,21.66,53.42,48.57,0,0
2026-01-01 21:59:00,SYN-04,20.94,50.88,54.28,0,0
2026-01-01 22:00:00,SYN-01,21.03,51.54,53.55,0,0
2026-01-01 22:01:00,SYN-02,20.89,51.92,53.43,0,0
2026-01-01 22:02:00,SYN-03,19.94,50.34,52.0,0,0
2026-01-01 22:03:00,SYN-04,20.32,49.29,51.15,0,0
2026-01-01 22:04:00,SYN-01,20.42,50.78,53.88,0,0
2026-01-01 22:05:00,SYN-02,20.11,50.38,56.26,0,0
2026-01-01 22:06:00,SYN-03,20.83,51.3,49.68,0,0
2026-01-01 22:07:00,SYN-04,20.07,51.14,52.31,0,0
2026-01-01 22:08:00,SYN-01,19.8,52.05,49.61,0,0
2026-01-01 22:09:00,SYN-02,20.77,52.31,52.25,0,0
2026-01-01 22:10:00,SYN-03,20.42,52.3,51.45,0,0
2026-01-01 22:11:00,SYN-04,19.86,52.21,53.4,0,0
2026-01-01 22:12:00,SYN-01,20.47,51.85,49.79,0,0
2026-01-01 22:13:00,SYN-02,20.95,51.21,48.87,0,0
2026-01-01 22:14:00,SYN-03,20.26,51.02,47.13,0,0
2026-01-01 22:15:00,SYN-04,19.39,50.25,51.86,0,0
2026-01-01 22:16:00,SYN-01,19.67,51.41,50.53,0,0
2026-01-01 22:17:00,SYN-02,19.75,50.32,47.7,0,0
2026-01-01 22:18:00,SYN-03,21.33,52.52,48.4,0,0
2026-01-01 22:19:00,SYN-04,20.53,51.85,50.66,0,0
2026-01-01 22:20:00,SYN-01,20.14,52.09,49.97,0,0
2026-01-01 22:21:00,SYN-02,20.2,51.14,47.8,0,0
2026-01-01 22:22:00,SYN-03,20.4,53.53,52.46,0,0
2026-01-01 22:23:00,SYN-04,20.58,52.58,49.02,0,0
2026-01-01 22:24:00,SYN-01,21.08,52.12,52.16,0,0
2026-01-01 22:25:00,SYN-02,19.99,53.13,52.05,0,0
2026-01-01 22:26:00,SYN-03,20.42,51.23,52.43,0,0
2026-01-01 22:27:00,SYN-04,19.69,51.9,52.9,0,0
2026-01-01 22:28:00,SYN-01,19.97,50.62,47.13,0,0
2026-01-01 22:29:00,SYN-02,21.81,53.86,49.97,0,0
2026-01-01 22:30:00,SYN-03,20.77,52.6,52.22,0,0
2026-01-01 22:31:00,SYN-04,20.42,52.55,48.33,0,0
2026-01-01 22:32:00,SYN-01,20.61,52.07,47.22,0,0
2026-01-01 22:33:00,SYN-02,21.53,53.99,48.29,0,0
2026-01-01 22:34:00,SYN-03,21.14,53.3,49.82,0,0
2026-01-01 22:35:00,SYN-04,21.34,52.67,49.59,0,0
2026-01-01 22:36:00,SYN-01,20.51,52.54,52.53,0,0
2026-01-01 22:37:00,SYN-02,20.58,52.93,47.97,0,0
2026-01-01 22:38:00,SYN-03,20.07,51.27,50.17,0,0
2026-01-01 22:39:00,SYN-04,20.56,52.63,50.97,0,0
2026-01-01 22:40:00,SYN-01,20.01,50.59,47.5,0,0
2026-01-01 22:41:00,SYN-02,20.88,53.74,48.25,0,0
2026-01-01 22:42:00,SYN-03,21.21,51.96,50.34,0,0
2026-01-01 22:43:00,SYN-04,20.21,50.5,47.51,0,0
2026-01-01 22:44:00,SYN-01,20.51,52.28,50.13,0,0
2026-01-01 22:45:00,SYN-02,21.47,53.71,48.87,0,0
2026-01-01 22:46:00,SYN-03,21.35,53.6,51.14,0,0
2026-01-01 22:47:00,SYN-04,20.26,52.6,45.47,0,0
2026-01-01 22:48:00,SYN-01,19.91,53.32,52.84,0,0
2026-01-01 22:49:00,SYN-02,20.06,51.27,46.18,0,0
2026-01-01 22:50:00,SYN-03,20.32,53.11,46.29,0,0
2026-01-01 22:51:00,SYN-04,19.62,51.61,47.0,0,0
2026-01-01 22:52:00,SYN-01,20.33,51.62,50.22,0,0
2026-01-01 22:53:00,SYN-02,19.74,53.52,46.82,0,0
2026-01-01 22:54:00,SYN-03,21.69,53.88,48.88,0,0
2026-01-01 22:55:00,SYN-04,22.06,56.6,48.95,0,0
2026-01-01 22:56:00,SYN-01,20.81,54.42,46.33,0,0
2026-01-01 22:57:00,SYN-02,20.44,52.66,46.47,0,0
2026-01-01 22:58:00,SYN-03,19.58,51.21,45.16,0,0
2026-01-01 22:59:00,SYN-04,19.78,54.04,47.61,0,0
2026-01-01 23:00:00,SYN-01,20.26,51.62,48.65,0,0
2026-01-01 23:01:00,SYN-02,20.24,52.65,49.3,0,0
2026-01-01 23:02:00,SYN-03,20.25,52.92,45.58,0,0
2026-01-01 23:03:00,SYN-04,20.21,50.91,51.11,0,0
2026-01-01 23:04:00,SYN-01,21.1,54.55,49.33,0,0
2026-01-01 23:05:00,SYN-02,20.74,54.19,43.58,0,0
2026-01-01 23:06:00,SYN-03,20.43,54.48,46.49,0,0
2026-01-01 23:07:00,SYN-04,20.8,53.13,50.78,0,0
2026-01-01 23:08:00,SYN-01,20.88,54.02,50.11,0,0
2026-01-01 23:09:00,SYN-02,19.43,51.76,50.41,0,0
2026-01-01 23:10:00,SYN-03,19.75,52.14,49.57,0,0
2026-01-01 23:11:00,SYN-04,20.88,54.17,49.4,0,0
2026-01-01 23:12:00,SYN-01,20.87,54.35,45.93,0,0
2026-01-01 23:13:00,SYN-02,20.22,52.38,47.8,0,0
2026-01-01 23:14:00,SYN-03,21.3,54.03,50.59,0,0
2026-01-01 23:15:00,SYN-04,20.52,52.11,47.8,0,0
2026-01-01 23:16:00,SYN-01,19.09,51.86,47.85,0,0
2026-01-01 23:17:00,SYN-02,20.42,53.71,47.23,0,0
2026-01-01 23:18:00,SYN-03,20.79,51.89,48.98,0,0
2026-01-01 23:19:00,SYN-04,21.58,55.11,45.46,0,0
2026-01-01 23:20:00,SYN-01,20.8,53.03,46.63,0,0
2026-01-01 23:21:00,SYN-02,20.48,53.89,47.5,0,0
2026-01-01 23:22:00,SYN-03,20.23,52.87,47.94,0,0
2026-01-01 23:23:00,SYN-04,20.28,52.84,44.81,0,0
2026-01-01 23:24:00,SYN-01,20.53,54.2,51.22,0,0
2026-01-01 23:25:00,SYN-02,20.08,52.08,48.25,0,0
2026-01-01 23:26:00,SYN-03,19.23,51.27,45.15,0,0
2026-01-01 23:27:00,SYN-04,21.67,54.35,49.37,0,0
2026-01-01 23:28:00,SYN-01,20.11,51.9,48.88,0,0
2026-01-01 23:29:00,SYN-02,19.45,50.33,45.3,0,0
2026-01-01 23:30:00,SYN-03,19.09,51.51,47.38,0,0
2026-01-01 23:31:00,SYN-04,21.17,54.24,44.52,0,0
2026-01-01 23:32:00,SYN-01,19.89,50.69,46.3,0,0
2026-01-01 23:33:00,SYN-02,20.73,52.26,46.72,0,0
2026-01-01 23:34:00,SYN-03,20.16,51.58,47.98,0,0
2026-01-01 23:35:00,SYN-04,20.03,51.68,48.36,0,0
2026-01-01 23:36:00,SYN-01,21.1,53.21,42.09,0,0
2026-01-01 23:37:00,SYN-02,21.17,52.52,46.37,0,0
2026-01-01 23:38:00,SYN-03,22.35,54.96,45.51,0,0
2026-01-01 23:39:00,SYN-04,21.06,52.92,46.4,0,0
2026-01-01 23:40:00,SYN-01,21.06,51.83,48.23,0,0
2026-01-01 23:41:00,SYN-02,20.67,52.64,45.48,0,0
2026-01-01 23:42:00,SYN-03,20.92,52.48,49.2,0,0
2026-01-01 23:43:00,SYN-04,21.44,53.53,44.07,0,0
2026-01-01 23:44:00,SYN-01,19.36,50.22,43.46,0,0
2026-01-01 23:45:00,SYN-02,20.9,53.33,47.89,0,0
2026-01-01 23:46:00,SYN-03,19.74,52.29,49.02,0,0
2026-01-01 23:47:00,SYN-04,20.51,52.24,46.17,0,0
2026-01-01 23:48:00,SYN-01,20.4,52.45,46.87,0,0
2026-01-01 23:49:00,SYN-02,21.38,52.68,46.36,0,0
2026-01-01 23:50:00,SYN-03,20.67,53.11,46.61,0,0
2026-01-01 23:51:00,SYN-04,20.43,52.23,49.66,0,0
2026-01-01 23:52:00,SYN-01,21.72,53.45,46.7,0,0
2026-01-01 23:53:00,SYN-02,21.05,52.69,42.69,0,0
2026-01-01 23:54:00,SYN-03,20.56,52.06,46.95,0,0
2026-01-01 23:55:00,SYN-04,19.43,50.45,46.52,0,0
2026-01-01 23:56:00,SYN-01,19.7,50.64,45.78,0,0
2026-01-01 23:57:00,SYN-02,20.45,50.97,46.12,0,0
2026-01-01 23:58:00,SYN-03,19.39,51.95,47.04,0,0
2026-01-01 23:59:00,SYN-04,20.58,52.24,43.47,0,0
2026-01-02 00:00:00,SYN-01,21.27,52.84,42.88,0,0
2026-01-02 00:01:00,SYN-02,19.61,50.61,47.15,0,0
2026-01-02 00:02:00,SYN-03,21.16,52.37,42.35,0,0
2026-01-02 00:03:00,SYN-04,21.55,52.75,46.68,0,0
2026-01-02 00:04:00,SYN-01,19.82,49.17,42.4,0,0
2026-01-02 00:05:00,SYN-02,20.77,50.37,46.31,0,0
2026-01-02 00:06:00,SYN-03,20.39,51.84,48.39,0,0
2026-01-02 00:07:00,SYN-04,21.36,51.52,44.12,0,0
2026-01-02 00:08:00,SYN-01,21.08,51.7,49.89,0,0
2026-01-02 00:09:00,SYN-02,21.23,51.76,44.07,0,0
2026-01-02 00:10:00,SYN-03,20.85,52.05,43.09,0,0
2026-01-02 00:11:00,SYN-04,20.93,52.24,46.3,0,0
2026-01-02 00:12:00,SYN-01,20.58,49.77,43.63,0,0
2026-01-02 00:13:00,SYN-02,20.19,51.59,44.71,0,0
2026-01-02 00:14:00,SYN-03,20.71,51.21,43.94,0,0
2026-01-02 00:15:00,SYN-04,21.02,51.41,46.46,0,0
2026-01-02 00:16:00,SYN-01,19.33,49.45,46.18,0,0
2026-01-02 00:17:00,SYN-02,21.73,52.65,43.66,0,0
2026-01-02 00:18:00,SYN-03,20.69,50.5,40.0,0,0
2026-01-02 00:19:00,SYN-04,20.31,51.0,41.92,0,0
2026-01-02 00:20:00,SYN-01,20.59,50.7,46.03,0,0
2026-01-02 00:21:00,SYN-02,20.36,50.77,41.06,0,0
2026-01-02 00:22:00,SYN-03,21.36,51.72,42.04,0,0
2026-01-02 00:23:00,SYN-04,19.6,50.44,47.25,0,0
2026-01-02 00:24:00,SYN-01,21.51,51.32,48.51,0,0
2026-01-02 00:25:00,SYN-02,20.27,52.43,45.51,0,0
2026-01-02 00:26:00,SYN-03,21.26,51.12,43.93,0,0
2026-01-02 00:27:00,SYN-04,20.72,49.52,42.33,0,0
2026-01-02 00:28:00,SYN-01,20.17,48.82,46.69,0,0
2026-01-02 00:29:00,SYN-02,21.27,51.15,40.59,0,0
2026-01-02 00:30:00,SYN-03,20.85,50.67,46.79,0,0
2026-01-02 00:31:00,SYN-04,21.91,52.05,44.54,0,0
2026-01-02 00:32:00,SYN-01,20.99,50.48,46.07,0,0
2026-01-02 00:33:00,SYN-02,20.55,49.73,41.21,0,0
2026-01-02 00:34:00,SYN-03,22.08,52.72,41.78,0,0
2026-01-02 00:35:00,SYN-04,20.7,49.66,49.84,0,0
2026-01-02 00:36:00,SYN-01,20.55,49.42,45.08,0,0
2026-01-02 00:37:00,SYN-02,20.42,49.83,41.49,0,0
2026-01-02 00:38:00,SYN-03,20.61,49.55,45.46,0,0
2026-01-02 00:39:00,SYN-04,21.7,51.2,45.87,0,0
2026-01-02 00:40:00,SYN-01,21.08,50.75,46.04,0,0
2026-01-02 00:41:00,SYN-02,21.01,51.52,43.95,0,0
2026-01-02 00:42:00,SYN-03,19.84,50.2,42.36,0,0
2026-01-02 00:43:00,SYN-04,20.44,50.43,47.12,0,0
2026-01-02 00:44:00,SYN-01,20.91,50.88,47.84,0,0
2026-01-02 00:45:00,SYN-02,21.0,50.97,43.36,0,0
2026-01-02 00:46:00,SYN-03,21.57,51.92,41.93,0,0
2026-01-02 00:47:00,SYN-04,20.53,50.93,44.24,0,0
2026-01-02 00:48:00,SYN-01,20.71,49.22,42.42,0,0
2026-01-02 00:49:00,SYN-02,20.32,49.49,41.92,0,0
2026-01-02 00:50:00,SYN-03,21.04,50.72,41.97,0,0
2026-01-02 00:51:00,SYN-04,20.95,49.4,41.62,0,0
2026-01-02 00:52:00,SYN-01,20.51,49.6,43.55,0,0
2026-01-02 00:53:00,SYN-02,21.31,52.59,46.32,0,0
2026-01-02 00:54:00,SYN-03,20.14,50.59,41.75,0,0
2026-01-02 00:55:00,SYN-04,20.92,49.75,41.46,0,0
2026-01-02 00:56:00,SYN-01,21.87,52.24,45.22,0,0
2026-01-02 00:57:00,SYN-02,20.89,49.77,43.76,0,0
2026-01-02 00:58:00,SYN-03,20.16,48.24,41.42,0,0
2026-01-02 00:59:00,SYN-04,21.94,50.91,42.83,0,0
2026-01-02 01:00:00,SYN-01,20.8,49.06,42.77,0,0
2026-01-02 01:01:00,SYN-02,22.08,51.76,44.01,0,0
2026-01-02 01:02:00,SYN-03,21.22,49.52,42.33,0,0
2026-01-02 01:03:00,SYN-04,21.35,51.26,46.4,0,0
2026-01-02 01:04:00,SYN-01,21.29,50.23,38.76,0,0
2026-01-02 01:05:00,SYN-02,19.11,50.3,39.4,0,0
2026-01-02 01:06:00,SYN-03,20.73,50.78,45.85,0,0
2026-01-02 01:07:00,SYN-04,20.82,49.62,41.36,0,0
2026-01-02 01:08:00,SYN-01,21.85,51.9,39.66,0,0
2026-01-02 01:09:00,SYN-02,20.96,48.63,43.44,0,0
2026-01-02 01:10:00,SYN-03,21.46,50.15,47.08,0,0
2026-01-02 01:11:00,SYN-04,20.01,49.05,39.81,0,0
2026-01-02 01:12:00,SYN-01,20.75,49.85,41.55,0,0
2026-01-02 01:13:00,SYN-02,21.04,50.11,40.77,0,0
2026-01-02 01:14:00,SYN-03,21.99,50.68,42.69,0,0
2026-01-02 01:15:00,SYN-04,21.0,49.7,43.18,0,0
2026-01-02 01:16:00,SYN-01,21.51,51.6,42.93,0,0
2026-01-02 01:17:00,SYN-02,19.68,49.35,39.17,0,0
2026-01-02 01:18:00,SYN-03,21.57,51.39,43.71,0,0
2026-01-02 01:19:00,SYN-04,21.78,50.92,44.78,0,0
2026-01-02 01:20:00,SYN-01,21.18,50.77,43.91,0,0
2026-01-02 01:21:00,SYN-02,21.24,50.23,42.31,0,0
2026-01-02 01:22:00,SYN-03,20.79,49.77,44.79,0,0
2026-01-02 01:23:00,SYN-04,20.32,51.2,42.23,0,0
2026-01-02 01:24:00,SYN-01,20.78,49.99,38.37,0,0
2026-01-02 01:25:00,SYN-02,21.97,51.02,40.83,0,0
2026-01-02 01:26:00,SYN-03,22.64,53.07,42.03,0,0
2026-01-02 01:27:00,SYN-04,21.46,50.55,44.18,0,0
2026-01-02 01:28:00,SYN-01,21.32,51.82,42.95,0,0
2026-01-02 01:29:00,SYN-02,20.28,49.84,44.62,0,0
2026-01-02 01:30:00,SYN-03,20.23,50.02,41.61,0,0
2026-01-02 01:31:00,SYN-04,20.86,51.28,42.61,0,0
2026-01-02 01:32:00,SYN-01,21.57,52.34,42.72,0,0
2026-01-02 01:33:00,SYN-02,20.15,50.13,44.79,0,0
2026-01-02 01:34:00,SYN-03,20.27,49.1,41.05,0,0
2026-01-02 01:35:00,SYN-04,20.36,50.93,40.57,0,0
2026-01-02 01:36:00,SYN-01,21.03,51.6,41.26,0,0
2026-01-02 01:37:00,SYN-02,21.87,51.09,42.6,0,0
2026-01-02 01:38:00,SYN-03,21.63,52.25,41.88,0,0
2026-01-02 01:39:00,SYN-04,19.87,50.13,41.82,0,0
2026-01-02 01:40:00,SYN-01,20.43,50.9,41.63,0,0
2026-01-02 01:41:00,SYN-02,21.66,51.77,42.48,0,0
2026-01-02 01:42:00,SYN-03,21.59,50.54,44.84,0,0
2026-01-02 01:43:00,SYN-04,20.29,50.7,38.04,0,0
2026-01-02 01:44:00,SYN-01,20.69,51.54,42.61,0,0
2026-01-02 01:45:00,SYN-02,21.61,52.42,40.99,0,0
2026-01-02 01:46:00,SYN-03,21.78,51.67,42.73,0,0
2026-01-02 01:47:00,SYN-04,21.52,51.65,40.34,0,0
2026-01-02 01:48:00,SYN-01,22.05,52.71,42.23,0,0
2026-01-02 01:49:00,SYN-02,21.29,52.49,40.44,0,0
2026-01-02 01:50:00,SYN-03,21.04,51.75,39.72,0,0
2026-01-02 01:51:00,SYN-04,21.23,51.41,40.92,0,0
2026-01-02 01:52:00,SYN-01,20.44,51.61,43.04,0,0
2026-01-02 01:53:00,SYN-02,21.49,52.05,43.38,0,0
2026-01-02 01:54:00,SYN-03,20.96,51.98,37.74,0,0
2026-01-02 01:55:00,SYN-04,21.64,52.39,40.87,0,0
2026-01-02 01:56:00,SYN-01,20.66,52.89,37.8,0,0
2026-01-02 01:57:00,SYN-02,21.34,52.67,41.57,0,0
2026-01-02 01:58:00,SYN-03,20.84,52.3,44.21,0,0
2026-01-02 01:59:00,SYN-04,20.93,52.93,41.95,0,0
2026-01-02 02:00:00,SYN-01,21.15,52.56,42.01,0,0
2026-01-02 02:01:00,SYN-02,21.38,52.93,40.95,0,0
2026-01-02 02:02:00,SYN-03,20.43,51.31,43.53,0,0
2026-01-02 02:03:00,SYN-04,20.04,51.46,40.09,0,0
2026-01-02 02:04:00,SYN-01,21.73,53.71,42.32,0,0
2026-01-02 02:05:00,SYN-02,19.92,51.88,40.1,0,0
2026-01-02 02:06:00,SYN-03,21.57,54.0,44.06,0,0
2026-01-02 02:07:00,SYN-04,20.52,52.01,40.86,0,0
2026-01-02 02:08:00,SYN-01,22.53,54.12,43.2,0,0
2026-01-02 02:09:00,SYN-02,20.72,52.52,41.39,0,0
2026-01-02 02:10:00,SYN-03,21.3,53.52,42.06,0,0
2026-01-02 02:11:00,SYN-04,21.54,52.62,42.96,0,0
2026-01-02 02:12:00,SYN-01,20.24,51.88,40.81,0,0
2026-01-02 02:13:00,SYN-02,20.79,53.97,41.65,0,0
2026-01-02 02:14:00,SYN-03,21.76,54.51,39.99,0,0
2026-01-02 02:15:00,SYN-04,20.56,53.16,39.75,0,0
2026-01-02 02:16:00,SYN-01,21.3,52.76,42.57,0,0
2026-01-02 02:17:00,SYN-02,22.42,54.47,38.79,0,0
2026-01-02 02:18:00,SYN-03,20.09,53.23,38.55,0,0
2026-01-02 02:19:00,SYN-04,21.14,53.67,44.71,0,0
2026-01-02 02:20:00,SYN-01,22.24,53.25,38.13,0,0
2026-01-02 02:21:00,SYN-02,20.65,53.61,40.21,0,0
2026-01-02 02:22:00,SYN-03,20.78,52.24,40.73,0,0
2026-01-02 02:23:00,SYN-04,21.79,53.94,43.01,0,0
2026-01-02 02:24:00,SYN-01,21.62,54.2,42.81,0,0
2026-01-02 02:25:00,SYN-02,21.7,54.78,39.0,0,0
2026-01-02 02:26:00,SYN-03,21.67,55.63,35.42,0,0
2026-01-02 02:27:00,SYN-04,22.99,55.82,40.58,0,0
2026-01-02 02:28:00,SYN-01,22.14,54.55,37.84,0,0
2026-01-02 02:29:00,SYN-02,22.42,55.15,38.87,0,0
2026-01-02 02:30:00,SYN-03,21.39,54.99,40.93,0,0
2026-01-02 02:31:00,SYN-04,22.21,53.67,38.64,0,0
2026-01-02 02:32:00,SYN-01,21.05,53.46,39.09,0,0
2026-01-02 02:33:00,SYN-02,20.82,52.99,40.98,0,0
2026-01-02 02:34:00,SYN-03,22.17,54.53,41.16,0,0
2026-01-02 02:35:00,SYN-04,20.67,53.52,41.27,0,0
2026-01-02 02:36:00,SYN-01,22.27,54.34,42.54,0,0
2026-01-02 02:37:00,SYN-02,22.37,54.46,40.21,0,0
2026-01-02 02:38:00,SYN-03,19.74,52.16,42.64,0,0
2026-01-02 02:39:00,SYN-04,21.65,53.25,39.12,0,0
2026-01-02 02:40:00,SYN-01,22.21,54.01,41.4,0,0
2026-01-02 02:41:00,SYN-02,21.6,55.64,39.94,0,0
2026-01-02 02:42:00,SYN-03,21.61,54.34,44.21,0,0
2026-01-02 02:43:00,SYN-04,21.66,55.32,39.69,0,0
2026-01-02 02:44:00,SYN-01,22.22,55.88,40.74,0,0
2026-01-02 02:45:00,SYN-02,22.0,55.26,45.01,0,0
2026-01-02 02:46:00,SYN-03,21.77,55.37,41.03,0,0
2026-01-02 02:47:00,SYN-04,22.43,55.3,38.77,0,0
2026-01-02 02:48:00,SYN-01,22.36,53.44,39.15,0,0
2026-01-02 02:49:00,SYN-02,22.29,55.93,39.45,0,0
2026-01-02 02:50:00,SYN-03,21.17,53.92,40.81,0,0
2026-01-02 02:51:00,SYN-04,21.54,55.53,39.97,0,0
2026-01-02 02:52:00,SYN-01,22.73,55.44,40.48,0,0
2026-01-02 02:53:00,SYN-02,22.14,54.51,41.67,0,0
2026-01-02 02:54:00,SYN-03,21.64,52.74,38.13,0,0
2026-01-02 02:55:00,SYN-04,21.83,53.34,34.06,0,0
2026-01-02 02:56:00,SYN-01,21.53,55.51,41.25,0,0
2026-01-02 02:57:00,SYN-02,20.5,52.94,40.56,0,0
2026-01-02 02:58:00,SYN-03,22.41,55.63,37.61,0,0
2026-01-02 02:59:00,SYN-04,21.85,54.34,39.32,0,0
2026-01-02 03:00:00,SYN-01,20.95,53.18,42.16,0,0
2026-01-02 03:01:00,SYN-02,22.25,55.1,38.82,0,0
2026-01-02 03:02:00,SYN-03,22.73,55.95,41.7,0,0
2026-01-02 03:03:00,SYN-04,21.64,53.83,40.71,0,0
2026-01-02 03:04:00,SYN-01,21.09,53.19,37.99,0,0
2026-01-02 03:05:00,SYN-02,21.61,53.89,43.76,0,0
2026-01-02 03:06:00,SYN-03,21.84,56.38,40.29,0,0
2026-01-02 03:07:00,SYN-04,21.88,55.73,36.0,0,0
2026-01-02 03:08:00,SYN-01,22.69,54.57,41.76,0,0
2026-01-02 03:09:00,SYN-02,22.83,54.89,38.64,0,0
2026-01-02 03:10:00,SYN-03,22.14,54.23,40.01,0,0
2026-01-02 03:11:00,SYN-04,22.11,54.15,42.52,0,0
2026-01-02 03:12:00,SYN-01,21.18,53.55,40.3,0,0
2026-01-02 03:13:00,SYN-02,21.19,54.26,38.09,0,0
2026-01-02 03:14:00,SYN-03,21.63,54.22,42.91,0,0
2026-01-02 03:15:00,SYN-04,20.88,52.71,41.17,0,0
2026-01-02 03:16:00,SYN-01,20.79,53.34,41.71,0,0
2026-01-02 03:17:00,SYN-02,21.66,55.41,42.45,0,0
2026-01-02 03:18:00,SYN-03,21.96,54.27,41.41,0,0
2026-01-02 03:19:00,SYN-04,22.72,54.16,41.66,0,0
2026-01-02 03:20:00,SYN-01,21.36,54.78,39.07,0,0
2026-01-02 03:21:00,SYN-02,20.18,51.63,39.52,0,0
2026-01-02 03:22:00,SYN-03,21.83,54.36,42.83,0,0
2026-01-02 03:23:00,SYN-04,21.33,53.26,43.51,0,0
2026-01-02 03:24:00,SYN-01,22.59,54.61,40.22,0,0
2026-01-02 03:25:00,SYN-02,22.81,54.71,38.59,0,0
2026-01-02 03:26:00,SYN-03,21.81,53.45,39.62,0,0
2026-01-02 03:27:00,SYN-04,22.1,54.82,40.02,0,0
2026-01-02 03:28:00,SYN-01,22.92,54.8,38.39,0,0
2026-01-02 03:29:00,SYN-02,22.01,53.84,38.28,0,0
2026-01-02 03:30:00,SYN-03,20.93,53.58,38.0,0,0
2026-01-02 03:31:00,SYN-04,21.86,52.35,40.18,0,0
2026-01-02 03:32:00,SYN-01,22.51,54.2,38.34,0,0
2026-01-02 03:33:00,SYN-02,20.95,51.4,36.26,0,0
2026-01-02 03:34:00,SYN-03,20.95,51.66,40.38,0,0
2026-01-02 03:35:00,SYN-04,21.84,53.22,39.92,0,0
2026-01-02 03:36:00,SYN-01,22.33,53.38,40.25,0,0
2026-01-02 03:37:00,SYN-02,21.68,52.61,42.08,0,0
2026-01-02 03:38:00,SYN-03,22.1,54.35,40.76,0,0
2026-01-02 03:39:00,SYN-04,21.53,53.21,36.15,0,0
2026-01-02 03:40:00,SYN-01,22.11,53.8,42.1,0,0
2026-01-02 03:41:00,SYN-02,21.39,53.17,42.63,0,0
2026-01-02 03:42:00,SYN-03,22.13,52.15,39.49,0,0
2026-01-02 03:43:00,SYN-04,21.17,51.58,36.25,0,0
2026-01-02 03:44:00,SYN-01,21.2,51.92,42.32,0,0
2026-01-02 03:45:00,SYN-02,21.72,52.5,40.1,0,0
2026-01-02 03:46:00,SYN-03,23.2,54.32,39.33,0,0
2026-01-02 03:47:00,SYN-04,21.68,52.89,39.99,0,0
2026-01-02 03:48:00,SYN-01,22.68,54.11,37.72,0,0
2026-01-02 03:49:00,SYN-02,22.8,53.97,39.29,0,0
2026-01-02 03:50:00,SYN-03,21.2,51.13,40.87,0,0
2026-01-02 03:51:00,SYN-04,22.65,53.31,41.41,0,0
2026-01-02 03:52:00,SYN-01,21.53,51.71,41.92,0,0
2026-01-02 03:53:00,SYN-02,22.6,53.64,38.01,0,0
2026-01-02 03:54:00,SYN-03,22.18,54.3,39.99,0,0
2026-01-02 03:55:00,SYN-04,21.84,51.21,38.7,0,0
2026-01-02 03:56:00,SYN-01,22.41,52.5,35.31,0,0
2026-01-02 03:57:00,SYN-02,21.37,52.96,37.54,0,0
2026-01-02 03:58:00,SYN-03,20.69,50.19,42.03,0,0
2026-01-02 03:59:00,SYN-04,20.66,51.33,41.93,0,0
2026-01-02 04:00:00,SYN-01,21.99,52.15,40.34,0,0
2026-01-02 04:01:00,SYN-02,22.35,53.94,40.96,0,0
2026-01-02 04:02:00,SYN-03,22.08,52.18,43.52,0,0
2026-01-02 04:03:00,SYN-04,22.12,51.78,37.43,0,0
2026-01-02 04:04:00,SYN-01,23.06,53.45,38.13,0,0
2026-01-02 04:05:00,SYN-02,21.35,51.55,43.35,0,0
2026-01-02 04:06:00,SYN-03,22.21,50.67,40.39,0,0
2026-01-02 04:07:00,SYN-04,20.64,51.5,39.0,0,0
2026-01-02 04:08:00,SYN-01,22.03,51.11,38.69,0,0
2026-01-02 04:09:00,SYN-02,22.9,53.2,37.05,0,0
2026-01-02 04:10:00,SYN-03,21.74,51.21,41.1,0,0
2026-01-02 04:11:00,SYN-04,22.91,51.37,38.03,0,0
2026-01-02 04:12:00,SYN-01,22.81,52.87,40.28,0,0
2026-01-02 04:13:00,SYN-02,22.82,53.14,37.98,0,0
2026-01-02 04:14:00,SYN-03,23.47,53.07,41.43,0,0
2026-01-02 04:15:00,SYN-04,22.34,52.45,41.18,0,0
2026-01-02 04:16:00,SYN-01,21.84,51.25,40.78,0,0
2026-01-02 04:17:00,SYN-02,22.35,52.18,40.76,0,0
2026-01-02 04:18:00,SYN-03,22.56,53.25,38.68,0,0
2026-01-02 04:19:00,SYN-04,22.15,51.64,38.97,0,0
2026-01-02 04:20:00,SYN-01,22.45,50.4,45.31,0,0
2026-01-02 04:21:00,SYN-02,22.74,51.44,39.76,0,0
2026-01-02 04:22:00,SYN-03,23.54,53.04,42.71,0,0
2026-01-02 04:23:00,SYN-04,22.71,51.17,40.03,0,0
2026-01-02 04:24:00,SYN-01,23.75,53.52,40.44,0,0
2026-01-02 04:25:00,SYN-02,22.65,53.21,41.53,0,0
2026-01-02 04:26:00,SYN-03,23.25,53.83,42.49,0,0
2026-01-02 04:27:00,SYN-04,22.96,51.62,37.34,0,0
2026-01-02 04:28:00,SYN-01,21.07,48.86,42.02,0,0
2026-01-02 04:29:00,SYN-02,22.12,51.37,38.58,0,0
2026-01-02 04:30:00,SYN-03,22.49,50.89,37.9,0,0
2026-01-02 04:31:00,SYN-04,22.14,52.25,37.69,0,0
2026-01-02 04:32:00,SYN-01,22.18,50.25,39.14,0,0
2026-01-02 04:33:00,SYN-02,22.07,51.11,41.1,0,0
2026-01-02 04:34:00,SYN-03,22.83,51.98,41.4,0,0
2026-01-02 04:35:00,SYN-04,22.05,52.43,38.19,0,0
2026-01-02 04:36:00,SYN-01,22.47,51.3,40.74,0,0
2026-01-02 04:37:00,SYN-02,21.21,50.49,38.58,0,0
2026-01-02 04:38:00,SYN-03,21.79,50.45,39.97,0,0
2026-01-02 04:39:00,SYN-04,22.48,51.4,38.6,0,0
2026-01-02 04:40:00,SYN-01,23.14,52.69,39.82,0,0
2026-01-02 04:41:00,SYN-02,23.1,51.93,42.7,0,0
2026-01-02 04:42:00,SYN-03,22.79,51.97,41.16,0,0
2026-01-02 04:43:00,SYN-04,23.12,52.42,40.84,0,0
2026-01-02 04:44:00,SYN-01,23.72,52.39,38.0,0,0
2026-01-02 04:45:00,SYN-02,23.15,51.44,41.17,0,0
2026-01-02 04:46:00,SYN-03,22.82,51.16,40.94,0,0
2026-01-02 04:47:00,SYN-04,23.74,51.08,41.82,0,0
2026-01-02 04:48:00,SYN-01,23.66,54.03,38.72,0,0
2026-01-02 04:49:00,SYN-02,21.98,50.99,38.7,0,0
2026-01-02 04:50:00,SYN-03,22.2,50.94,41.09,0,0
2026-01-02 04:51:00,SYN-04,22.82,51.57,39.84,0,0
2026-01-02 04:52:00,SYN-01,23.95,53.52,39.73,0,0
2026-01-02 04:53:00,SYN-02,21.26,49.26,41.09,0,0
2026-01-02 04:54:00,SYN-03,24.03,52.74,37.17,0,0
2026-01-02 04:55:00,SYN-04,22.22,51.36,39.07,0,0
2026-01-02 04:56:00,SYN-01,21.62,52.09,38.25,0,0
2026-01-02 04:57:00,SYN-02,22.14,50.6,42.36,0,0
2026-01-02 04:58:00,SYN-03,22.29,51.77,38.17,0,0
2026-01-02 04:59:00,SYN-04,24.59,55.17,41.15,0,0
2026-01-02 05:00:00,SYN-01,23.25,53.02,41.85,0,0
2026-01-02 05:01:00,SYN-02,22.23,51.3,39.07,0,0
2026-01-02 05:02:00,SYN-03,22.16,51.88,42.65,0,0
2026-01-02 05:03:00,SYN-04,22.36,52.09,42.43,0,0
2026-01-02 05:04:00,SYN-01,23.42,52.64,43.15,0,0
2026-01-02 05:05:00,SYN-02,23.63,52.31,38.45,0,0
2026-01-02 05:06:00,SYN-03,23.15,52.54,41.45,0,0
2026-01-02 05:07:00,SYN-04,22.59,51.09,45.13,0,0
2026-01-02 05:08:00,SYN-01,22.08,51.8,41.15,0,0
2026-01-02 05:09:00,SYN-02,23.18,54.06,43.52,0,0
2026-01-02 05:10:00,SYN-03,24.05,53.37,39.79,0,0
2026-01-02 05:11:00,SYN-04,21.8,51.39,42.96,0,0
2026-01-02 05:12:00,SYN-01,22.18,51.37,38.82,0,0
2026-01-02 05:13:00,SYN-02,24.05,54.38,40.12,0,0
2026-01-02 05:14:00,SYN-03,21.56,52.77,39.92,0,0
2026-01-02 05:15:00,SYN-04,23.72,52.62,44.99,0,0
2026-01-02 05:16:00,SYN-01,23.05,52.84,38.48,0,0
2026-01-02 05:17:00,SYN-02,24.02,52.98,39.9,0,0
2026-01-02 05:18:00,SYN-03,23.61,53.87,44.73,0,0
2026-01-02 05:19:00,SYN-04,22.58,53.14,42.39,0,0
2026-01-02 05:20:00,SYN-01,22.73,52.0,41.15,0,0
2026-01-02 05:21:00,SYN-02,22.8,52.16,40.43,0,0
2026-01-02 05:22:00,SYN-03,22.87,54.43,37.25,0,0
2026-01-02 05:23:00,SYN-04,22.07,52.98,40.56,0,0
2026-01-02 05:24:00,SYN-01,23.23,53.39,42.17,0,0
2026-01-02 05:25:00,SYN-02,23.01,53.94,41.6,0,0
2026-01-02 05:26:00,SYN-03,22.56,53.53,42.87,0,0
2026-01-02 05:27:00,SYN-04,23.06,53.38,39.93,0,0
2026-01-02 05:28:00,SYN-01,23.02,52.72,40.35,0,0
2026-01-02 05:29:00,SYN-02,22.67,54.62,40.25,0,0
2026-01-02 05:30:00,SYN-03,22.31,53.38,38.08,0,0
2026-01-02 05:31:00,SYN-04,21.73,53.87,43.26,0,0
2026-01-02 05:32:00,SYN-01,23.72,55.19,45.15,0,0
2026-01-02 05:33:00,SYN-02,23.36,54.34,40.41,0,0
2026-01-02 05:34:00,SYN-03,23.38,53.82,39.17,0,0
2026-01-02 05:35:00,SYN-04,23.36,52.81,42.56,0,0
2026-01-02 05:36:00,SYN-01,22.72,52.47,38.69,0,0
2026-01-02 05:37:00,SYN-02,21.52,52.99,45.73,0,0
2026-01-02 05:38:00,SYN-03,23.12,54.53,42.17,0,0
2026-01-02 05:39:00,SYN-04,22.74,53.56,41.62,0,0
2026-01-02 05:40:00,SYN-01,23.06,55.37,42.09,0,0
2026-01-02 05:41:00,SYN-02,23.13,54.12,39.75,0,0
2026-01-02 05:42:00,SYN-03,22.85,52.42,39.97,0,0
2026-01-02 05:43:00,SYN-04,22.8,54.95,42.04,0,0
2026-01-02 05:44:00,SYN-01,23.1,52.06,41.67,0,0
2026-01-02 05:45:00,SYN-02,22.88,53.02,41.29,0,0
2026-01-02 05:46:00,SYN-03,22.35,56.42,42.9,0,0
2026-01-02 05:47:00,SYN-04,23.35,54.81,40.41,0,0
2026-01-02 05:48:00,SYN-01,22.33,54.32,41.47,0,0
2026-01-02 05:49:00,SYN-02,23.77,54.99,40.35,0,0
2026-01-02 05:50:00,SYN-03,22.33,53.34,42.67,0,0
2026-01-02 05:51:00,SYN-04,22.82,54.63,44.58,0,0
2026-01-02 05:52:00,SYN-01,23.7,55.68,45.61,0,0
2026-01-02 05:53:00,SYN-02,23.65,54.73,39.79,0,0
2026-01-02 05:54:00,SYN-03,23.08,56.48,40.16,0,0
2026-01-02 05:55:00,SYN-04,23.52,55.46,39.14,0,0
2026-01-02 05:56:00,SYN-01,22.71,54.33,45.73,0,0
2026-01-02 05:57:00,SYN-02,22.81,55.99,45.07,0,0
2026-01-02 05:58:00,SYN-03,22.75,54.37,38.92,0,0
2026-01-02 05:59:00,SYN-04,22.37,53.88,40.24,0,0
2026-01-02 06:00:00,SYN-01,22.66,55.85,38.43,0,0
2026-01-02 06:01:00,SYN-02,22.79,56.22,42.42,0,0
2026-01-02 06:02:00,SYN-03,22.78,54.89,42.41,0,0
2026-01-02 06:03:00,SYN-04,24.24,57.38,42.66,0,0
2026-01-02 06:04:00,SYN-01,23.55,54.92,39.92,0,0
2026-01-02 06:05:00,SYN-02,23.16,56.4,40.33,0,0
2026-01-02 06:06:00,SYN-03,24.06,56.04,43.31,0,0
2026-01-02 06:07:00,SYN-04,23.33,56.07,45.35,0,0
2026-01-02 06:08:00,SYN-01,21.4,54.37,46.93,0,0
2026-01-02 06:09:00,SYN-02,23.38,54.41,46.17,0,0
2026-01-02 06:10:00,SYN-03,23.71,56.62,46.2,0,0
2026-01-02 06:11:00,SYN-04,22.8,54.83,42.82,0,0
2026-01-02 06:12:00,SYN-01,23.14,56.13,42.86,0,0
2026-01-02 06:13:00,SYN-02,22.05,55.11,42.2,0,0
2026-01-02 06:14:00,SYN-03,23.45,56.54,42.11,0,0
2026-01-02 06:15:00,SYN-04,22.29,54.78,41.42,0,0
2026-01-02 06:16:00,SYN-01,23.11,56.27,43.59,0,0
2026-01-02 06:17:00,SYN-02,23.87,57.15,41.57,0,0
2026-01-02 06:18:00,SYN-03,24.49,57.39,41.32,0,0
2026-01-02 06:19:00,SYN-04,23.77,57.37,40.55,0,0
2026-01-02 06:20:00,SYN-01,24.68,57.49,43.95,0,0
2026-01-02 06:21:00,SYN-02,23.44,54.92,43.52,0,0
2026-01-02 06:22:00,SYN-03,21.67,52.93,42.37,0,0
2026-01-02 06:23:00,SYN-04,22.8,55.53,42.65,0,0
2026-01-02 06:24:00,SYN-01,25.88,58.94,41.83,0,0
2026-01-02 06:25:00,SYN-02,23.56,56.99,45.47,0,0
2026-01-02 06:26:00,SYN-03,23.55,56.0,43.68,0,0
2026-01-02 06:27:00,SYN-04,23.88,56.46,46.34,0,0
2026-01-02 06:28:00,SYN-01,23.71,56.36,40.25,0,0
2026-01-02 06:29:00,SYN-02,23.45,57.02,42.28,0,0
2026-01-02 06:30:00,SYN-03,24.0,57.9,42.21,0,0
2026-01-02 06:31:00,SYN-04,24.32,56.95,42.91,0,0
2026-01-02 06:32:00,SYN-01,23.44,56.93,46.23,0,0
2026-01-02 06:33:00,SYN-02,22.96,57.17,44.94,0,0
2026-01-02 06:34:00,SYN-03,23.07,56.02,44.78,0,0
2026-01-02 06:35:00,SYN-04,23.24,57.84,44.04,0,0
2026-01-02 06:36:00,SYN-01,23.84,55.45,45.7,0,0
2026-01-02 06:37:00,SYN-02,23.73,56.6,45.36,0,0
2026-01-02 06:38:00,SYN-03,24.04,56.69,47.32,0,0
2026-01-02 06:39:00,SYN-04,22.91,54.98,45.4,0,0
2026-01-02 06:40:00,SYN-01,23.2,56.8,45.5,0,0
2026-01-02 06:41:00,SYN-02,23.75,55.46,43.46,0,0
2026-01-02 06:42:00,SYN-03,22.89,55.08,41.33,0,0
2026-01-02 06:43:00,SYN-04,25.03,58.34,43.24,0,0
2026-01-02 06:44:00,SYN-01,24.56,56.89,42.07,0,0
2026-01-02 06:45:00,SYN-02,23.59,56.16,45.53,0,0
2026-01-02 06:46:00,SYN-03,24.35,56.83,45.06,0,0
2026-01-02 06:47:00,SYN-04,23.22,56.82,49.1,0,0
2026-01-02 06:48:00,SYN-01,23.83,55.42,42.89,0,0
2026-01-02 06:49:00,SYN-02,24.92,58.17,43.66,0,0
2026-01-02 06:50:00,SYN-03,23.27,55.05,42.9,0,0
2026-01-02 06:51:00,SYN-04,23.12,53.99,43.03,0,0
2026-01-02 06:52:00,SYN-01,23.32,55.53,42.12,0,0
2026-01-02 06:53:00,SYN-02,24.64,55.8,46.88,0,0
2026-01-02 06:54:00,SYN-03,25.57,56.71,44.21,0,0
2026-01-02 06:55:00,SYN-04,22.31,54.35,44.31,0,0
2026-01-02 06:56:00,SYN-01,22.79,53.73,43.45,0,0
2026-01-02 06:57:00,SYN-02,23.35,57.39,44.08,0,0
2026-01-02 06:58:00,SYN-03,23.7,55.12,43.47,0,0
2026-01-02 06:59:00,SYN-04,23.85,57.74,45.68,0,0
2026-01-02 07:00:00,SYN-01,23.77,55.12,46.48,0,0
2026-01-02 07:01:00,SYN-02,23.75,56.23,45.28,0,0
2026-01-02 07:02:00,SYN-03,23.28,55.95,45.27,0,0
2026-01-02 07:03:00,SYN-04,24.15,56.9,47.33,0,0
2026-01-02 07:04:00,SYN-01,23.78,56.81,46.99,0,0
2026-01-02 07:05:00,SYN-02,24.13,55.58,45.61,0,0
2026-01-02 07:06:00,SYN-03,22.88,54.15,47.61,0,0
2026-01-02 07:07:00,SYN-04,25.02,57.39,42.73,0,0
2026-01-02 07:08:00,SYN-01,23.67,55.02,42.9,0,0
2026-01-02 07:09:00,SYN-02,23.16,54.94,44.56,0,0
2026-01-02 07:10:00,SYN-03,22.81,54.31,45.54,0,0
2026-01-02 07:11:00,SYN-04,23.64,56.26,44.2,0,0
2026-01-02 07:12:00,SYN-01,22.96,54.36,44.01,0,0
2026-01-02 07:13:00,SYN-02,23.53,54.82,43.6,0,0
2026-01-02 07:14:00,SYN-03,23.75,55.98,45.96,0,0
2026-01-02 07:15:00,SYN-04,23.8,56.07,41.96,0,0
2026-01-02 07:16:00,SYN-01,23.99,55.21,44.2,0,0
2026-01-02 07:17:00,SYN-02,24.35,56.68,43.46,0,0
2026-01-02 07:18:00,SYN-03,23.73,56.49,48.85,0,0
2026-01-02 07:19:00,SYN-04,23.12,55.56,45.47,0,0
2026-01-02 07:20:00,SYN-01,24.09,55.5,44.66,0,0
2026-01-02 07:21:00,SYN-02,22.68,53.66,42.93,0,0
2026-01-02 07:22:00,SYN-03,23.14,54.55,43.85,0,0
2026-01-02 07:23:00,SYN-04,24.65,56.59,46.62,0,0
2026-01-02 07:24:00,SYN-01,24.24,54.43,45.92,0,0
2026-01-02 07:25:00,SYN-02,24.48,55.94,43.38,0,0
2026-01-02 07:26:00,SYN-03,23.72,55.05,46.72,0,0
2026-01-02 07:27:00,SYN-04,25.03,57.0,46.12,0,0
2026-01-02 07:28:00,SYN-01,23.75,54.28,48.89,0,0
2026-01-02 07:29:00,SYN-02,25.09,55.82,45.85,0,0
2026-01-02 07:30:00,SYN-03,24.59,54.94,45.55,0,0
2026-01-02 07:31:00,SYN-04,23.99,54.47,46.97,0,0
2026-01-02 07:32:00,SYN-01,24.04,54.49,46.39,0,0
2026-01-02 07:33:00,SYN-02,23.11,53.86,45.88,0,0
2026-01-02 07:34:00,SYN-03,24.46,54.96,48.25,0,0
2026-01-02 07:35:00,SYN-04,24.23,55.69,41.78,0,0
2026-01-02 07:36:00,SYN-01,24.04,55.57,45.08,0,0
2026-01-02 07:37:00,SYN-02,24.07,53.23,46.46,0,0
2026-01-02 07:38:00,SYN-03,24.21,54.48,46.44,0,0
2026-01-02 07:39:00,SYN-04,23.09,53.88,44.34,0,0
2026-01-02 07:40:00,SYN-01,23.96,55.65,45.1,0,0
2026-01-02 07:41:00,SYN-02,24.05,52.3,46.72,0,0
2026-01-02 07:42:00,SYN-03,24.97,56.13,48.23,0,0
2026-01-02 07:43:00,SYN-04,22.73,53.05,44.0,0,0
2026-01-02 07:44:00,SYN-01,23.92,53.8,46.05,0,0
2026-01-02 07:45:00,SYN-02,24.1,54.38,45.09,0,0
2026-01-02 07:46:00,SYN-03,24.78,55.72,51.92,0,0
2026-01-02 07:47:00,SYN-04,23.66,53.36,48.88,0,0
2026-01-02 07:48:00,SYN-01,24.48,55.1,46.48,0,0
2026-01-02 07:49:00,SYN-02,24.21,53.56,48.28,0,0
2026-01-02 07:50:00,SYN-03,24.53,54.58,46.71,0,0
2026-01-02 07:51:00,SYN-04,24.34,53.95,46.41,0,0
2026-01-02 07:52:00,SYN-01,24.26,52.45,44.33,0,0
2026-01-02 07:53:00,SYN-02,25.11,54.27,46.78,0,0
2026-01-02 07:54:00,SYN-03,25.65,55.95,45.87,0,0
2026-01-02 07:55:00,SYN-04,24.4,55.33,45.72,0,0
2026-01-02 07:56:00,SYN-01,25.22,54.55,44.87,0,0
2026-01-02 07:57:00,SYN-02,24.64,55.85,47.29,0,0
2026-01-02 07:58:00,SYN-03,24.6,55.37,43.19,0,0
2026-01-02 07:59:00,SYN-04,23.48,53.35,54.06,0,0
2026-01-02 08:00:00,SYN-01,23.46,53.95,45.56,0,0
2026-01-02 08:01:00,SYN-02,23.51,53.56,47.54,0,0
2026-01-02 08:02:00,SYN-03,23.02,51.89,47.29,0,0
2026-01-02 08:03:00,SYN-04,25.31,55.11,48.3,0,0
2026-01-02 08:04:00,SYN-01,23.98,53.64,48.17,0,0
2026-01-02 08:05:00,SYN-02,24.72,54.17,47.57,0,0
2026-01-02 08:06:00,SYN-03,24.86,52.57,50.27,0,0
2026-01-02 08:07:00,SYN-04,24.64,53.83,48.65,0,0
2026-01-02 08:08:00,SYN-01,23.05,53.42,48.87,0,0
2026-01-02 08:09:00,SYN-02,24.33,54.46,48.89,0,0
2026-01-02 08:10:00,SYN-03,24.89,54.97,49.41,0,0
2026-01-02 08:11:00,SYN-04,23.45,52.88,48.56,0,0
2026-01-02 08:12:00,SYN-01,24.23,54.31,47.61,0,0
2026-01-02 08:13:00,SYN-02,24.3,54.48,49.24,0,0
2026-01-02 08:14:00,SYN-03,24.32,53.29,47.27,0,0
2026-01-02 08:15:00,SYN-04,25.63,54.05,47.77,0,0
2026-01-02 08:16:00,SYN-01,24.47,54.79,47.72,0,0
2026-01-02 08:17:00,SYN-02,23.7,52.66,43.96,0,0
2026-01-02 08:18:00,SYN-03,24.95,54.98,49.54,0,0
2026-01-02 08:19:00,SYN-04,24.92,53.51,51.74,0,0
2026-01-02 08:20:00,SYN-01,24.69,53.64,47.9,0,0
2026-01-02 08:21:00,SYN-02,23.76,54.17,50.95,0,0
2026-01-02 08:22:00,SYN-03,25.11,53.34,44.72,0,0
2026-01-02 08:23:00,SYN-04,24.01,52.64,50.48,0,0
2026-01-02 08:24:00,SYN-01,23.1,52.84,46.35,0,0
2026-01-02 08:25:00,SYN-02,24.48,54.85,48.48,0,0
2026-01-02 08:26:00,SYN-03,24.36,53.43,45.3,0,0
2026-01-02 08:27:00,SYN-04,24.42,53.47,45.99,0,0
2026-01-02 08:28:00,SYN-01,24.25,54.17,47.34,0,0
2026-01-02 08:29:00,SYN-02,23.97,52.39,48.45,0,0
2026-01-02 08:30:00,SYN-03,24.65,54.01,44.67,0,0
2026-01-02 08:31:00,SYN-04,23.93,52.96,49.4,0,0
2026-01-02 08:32:00,SYN-01,25.01,54.85,51.92,0,0
2026-01-02 08:33:00,SYN-02,23.78,52.41,45.56,0,0
2026-01-02 08:34:00,SYN-03,23.42,51.83,45.96,0,0
2026-01-02 08:35:00,SYN-04,24.3,52.91,49.37,0,0
2026-01-02 08:36:00,SYN-01,25.0,55.11,47.54,0,0
2026-01-02 08:37:00,SYN-02,24.19,54.2,45.84,0,0
2026-01-02 08:38:00,SYN-03,24.62,55.1,47.83,0,0
2026-01-02 08:39:00,SYN-04,24.69,54.76,50.19,0,0
2026-01-02 08:40:00,SYN-01,24.6,54.24,48.63,0,0
2026-01-02 08:41:00,SYN-02,25.01,52.92,51.9,0,0
2026-01-02 08:42:00,SYN-03,24.8,53.34,48.96,0,0
2026-01-02 08:43:00,SYN-04,23.89,53.06,52.31,0,0
2026-01-02 08:44:00,SYN-01,24.71,54.26,48.15,0,0
2026-01-02 08:45:00,SYN-02,25.56,55.81,51.36,0,0
2026-01-02 08:46:00,SYN-03,25.66,55.97,50.27,0,0
2026-01-02 08:47:00,SYN-04,23.57,52.42,48.51,0,0
2026-01-02 08:48:00,SYN-01,23.66,52.49,50.62,0,0
2026-01-02 08:49:00,SYN-02,24.3,55.16,48.47,0,0
2026-01-02 08:50:00,SYN-03,23.99,53.72,51.65,0,0
2026-01-02 08:51:00,SYN-04,23.91,53.3,52.49,0,0
2026-01-02 08:52:00,SYN-01,24.21,52.48,48.35,0,0
2026-01-02 08:53:00,SYN-02,24.83,54.78,47.88,0,0
2026-01-02 08:54:00,SYN-03,24.32,53.73,51.0,0,0
2026-01-02 08:55:00,SYN-04,24.97,56.5,50.65,0,0
2026-01-02 08:56:00,SYN-01,23.65,54.41,49.37,0,0
2026-01-02 08:57:00,SYN-02,23.31,53.48,53.04,0,0
2026-01-02 08:58:00,SYN-03,24.31,54.32,49.39,0,0
2026-01-02 08:59:00,SYN-04,25.48,55.25,47.48,0,0
2026-01-02 09:00:00,SYN-01,25.38,54.51,48.26,0,0
2026-01-02 09:01:00,SYN-02,23.99,54.1,49.13,0,0
2026-01-02 09:02:00,SYN-03,25.43,55.31,48.73,0,0
2026-01-02 09:03:00,SYN-04,25.18,56.07,46.65,0,0
2026-01-02 09:04:00,SYN-01,25.22,54.79,48.25,0,0
2026-01-02 09:05:00,SYN-02,24.26,54.46,48.71,0,0
2026-01-02 09:06:00,SYN-03,24.47,55.57,48.98,0,0
2026-01-02 09:07:00,SYN-04,23.86,54.99,50.89,0,0
2026-01-02 09:08:00,SYN-01,24.69,55.2,53.23,0,0
2026-01-02 09:09:00,SYN-02,25.07,54.62,49.28,0,0
2026-01-02 09:10:00,SYN-03,24.62,54.33,48.57,0,0
2026-01-02 09:11:00,SYN-04,24.65,55.38,50.55,0,0
2026-01-02 09:12:00,SYN-01,24.92,55.32,47.61,0,0
2026-01-02 09:13:00,SYN-02,24.48,54.73,51.04,0,0
2026-01-02 09:14:00,SYN-03,24.54,54.52,47.95,0,0
2026-01-02 09:15:00,SYN-04,24.17,54.77,47.34,0,0
2026-01-02 09:16:00,SYN-01,24.86,56.08,53.12,0,0
2026-01-02 09:17:00,SYN-02,25.22,56.92,54.06,0,0
2026-01-02 09:18:00,SYN-03,23.59,53.65,53.79,0,0
2026-01-02 09:19:00,SYN-04,25.32,55.37,50.72,0,0
